"都道府県コード又は市区町村コード","NO（※システム内の固有の番号、連番）","指定機関名","法人の名称","法人の名称_かな","法人番号","法人住所（市区町村）","法人住所（番地以降）","法人電話番号","法人FAX番号","法人URL","サービス種別","事業所の名称","事業所の名称_かな","事業所番号","事業所住所（市区町村）","事業所住所（番地以降）","事業所電話番号","事業所FAX番号","事業所URL","事業所緯度","事業所経度","利用可能な時間帯（平日）","利用可能な時間帯（土曜）","利用可能な時間帯（日曜）","利用可能な時間帯（祝日）","定休日","利用可能曜日特記事項（留意事項）","定員"
"01000","A0000010956","北海道","北海道","ほっかいどう","7000020010006","北海道札幌市中央区","北三条西６丁目","011-204-5080","011-232-4068","http://www.pref.hokkaido.lg.jp","医療型障害児入所施設","北海道立旭川肢体不自由児総合療育センター","ほっかいどうりつあさひかわしたいふじゆうじそうごうりょういくせんたー","0152901724","北海道旭川市","春光台２条1丁目1番43号","0166-51-2126","0166-51-2126","http://www.pref.hokkaido.lg.jp/hf/asc/kyokuryotop.htm",43.81070519,142.35226694,"","","","",,,80
"01100","E0000009592","札幌市","北海道","ほっかいどう",,"北海道札幌市中央区","北３条西６丁目","011-231-4111","011-232-4109","https://hospital.hokkaido.jp/","医療型障害児入所施設","北海道立子ども総合医療・療育センター","ほっかいどうりつこどもそうごういりょうりょういくせんたー","0150401719","北海道札幌市手稲区","金山１条１丁目240番６","011-691-5696","011-691-1000","https://kodomo.hospital.hokkaido.jp/",43.12870511,141.21105579,"","","","",,,110
"01100","E0000009708","札幌市","社会福祉法人北翔会","しゃかいふくしほうじんほくしょうかい","6430005000599","北海道札幌市白石区","川北２２５４番地１","011-879-5555","011-879-5533","https://hokushokai.com/","医療型障害児入所施設","医療福祉センター札幌あゆみの園","いりょうふくしせんたーさっぽろあゆみのその","0150502011","北海道札幌市白石区","川北２２５４番地１医療福祉センター札幌あゆみの園","011-879-5555","011-879-5511","http://www.hokushokai.com/",43.07140791,141.43928755,"","","","",,,184
"01100","E0000009593","札幌市","社会福祉法人　札幌緑花会","しゃかいふくしほうじんさっぽろりょっかかい","8430005000671","北海道札幌市西区","山の手三条１２丁目３番１２号","011-611-9301","011-621-7404","http://www.ryokkakai.or.jp/inquiry/","医療型障害児入所施設","緑ヶ丘療育園","みどりがおかりょういくえん","0150402022","北海道札幌市西区","山の手３条１２丁目３−１２","011-611-9301","011-621-7404",,43.06429534,141.28815363,"","","","",,,160
"01000","A0000029787","北海道","社会福祉法人恩賜財団済生会支部北海道済生会","しゃかいふくしほうじんおんしざいだんさいせいかいしぶほっかいどうさいせいかい","3010405001696","北海道小樽市","築港１０番１号","0134-25-4321","0134-25-2888",,"医療型障害児入所施設","社会福祉法人恩賜財団済生会支部北海道済生会小樽病院みどりの里","しゃかいふくしほうじんおんしざいだんさいせいかいしぶほっかいどうさいせいかいおたるびょういんみどりのさと","0152002051","北海道小樽市","築港１０番１号","0134325131","0134292164","http://www.saisei-nishiotaru.jp",43.18414009,141.01893241,"","","","",,,120
"01000","A0000010958","北海道","社会福祉法人　北海道療育園","しゃかいふくしほうじんほっかいどうりょういくえん","2450005000270","北海道旭川市","春光台４条１０丁目","0166-51-6524","0166-51-6871","http://www.hokuryo.or.jp/","医療型障害児入所施設","北海道療育園","ほっかいどうりょういくえん","0152902045","北海道旭川市","春光台４条10丁目","0166-51-6524",,"http://www.hokuryo.or.jp/",43.82981505,142.36818090,"","","","",,,336
"01000","A0000018509","北海道","社会福祉法人　北海道療育園","しゃかいふくしほうじんほっかいどうりょういくえん","2450005000270","北海道旭川市","春光台４条１０丁目","0166-51-6524","0166-51-6871","http://www.hokuryo.or.jp/","医療型障害児入所施設","美幌療育病院","びほろりょういくびょういん","0155202062","北海道網走郡美幌町","美富（その他）９番地","0152-73-3145","0152-73-5298",,43.81576555,144.10257788,"","","","",,,120
"02000","E0000013450","青森県","青森県","あおもりけん","2000020020001","青森県青森市","長島一丁目1-1","017-722-1111",,"http://www.pref.aomori.lg.jp/","医療型障害児入所施設","青森県立はまなす医療療育センター","あおもりけんりつはまなすいりょうりょういくせんたー","0250330024","青森県八戸市","大字大久保字大塚１７ー７２９","0178-31-5005","0178-31-4144",,40.49119592,141.56401854,"","","","",,,42
"02000","E0000013453","青森県","青森県","あおもりけん","2000020020001","青森県青森市","長島一丁目1-1","017-722-1111",,"http://www.pref.aomori.lg.jp/","医療型障害児入所施設","青森県立はまなす医療療育センター","あおもりけんりつはまなすいりょうりょういくせんたー","0250350022","青森県八戸市","大字大久保字大塚１７ー７２９","0178-31-5005","0178-31-4144",,40.49119592,141.56401854,"","","","",,,40
"03000","A0000043747","岩手県","岩手県","いわてけん",,"岩手県盛岡市","内丸10-1","019-629-5446","019-629-5454",,"医療型障害児入所施設","岩手県立療育センター","いわてけんりつりょういくせんたー","0350100038","岩手県紫波郡矢巾町","医大通り二丁目１番３号","019-601-2777","019-697-3900","http://www.i-ryouiku.jp/",39.61870404,141.16321943,"","","","",,,60
"03000","A0000014606","岩手県","社会福祉法人　新生会","しゃかいふくしほうじんしんせいかい","4400005002402","岩手県紫波郡矢巾町","室岡１２−１２８−１法人本部事務局","019-611-0242","019-611-0252","https://www.i-shinseikai.jp/","医療型障害児入所施設","みちのく療育園メディカルセンター","みちのくりょういくえんめでぃかるせんたー","0352200018","岩手県紫波郡矢巾町","煙山２４−１みちのく療育園メディカルセンター","019-611-0600","019-611-0601","https://www.i-shinseikai.jp/",39.60599119,141.14295229,"","","","",,,60
"04100","A0000001456","仙台市","社会福祉法人　陽光福祉会","しゃかいふくしほうじんようこうふくしかい","8370005001503","宮城県仙台市青葉区","芋沢字横前１番地の１","022-394-7711","022-394-7714","https://www.yokofuku.or.jp/","医療型障害児入所施設","仙台エコー医療療育センター","せんだいえこーいりょうりょういくせんたー","0455110056","宮城県仙台市青葉区","芋沢字横前１番地の１","022-394-7711","022-394-7714","http://www.yokofuku.or.jp/echosmid/",38.29276957,140.75945508,"","","","",,,110
"04100","A0000001458","仙台市","地方独立行政法人　宮城県立こども病院","ちほうどくりつぎょうせいほうじんみやぎけんりつこどもびょういん","8370005002402","宮城県仙台市青葉区","落合四丁目３番１７号","022-391-5111","022-391-5118","http://www.miyagi-children.or.jp/","医療型障害児入所施設","宮城県立拓桃園","みやぎけんりつたくとうえん","0455110643","宮城県仙台市青葉区","落合四丁目３番１７号","022-391-5111","022-391-5118","http://www.miyagi-children.or.jp/",38.27479208,140.78247375,"","","","",,,
"04100","A0000001465","仙台市","独立行政法人国立病院機構仙台西多賀病院","どくりつぎょうせいほうじんこくりつびょういんきこうせんだいにしたがびょういん","1013205001281","宮城県仙台市太白区","鈎取本町２丁目１１−１１","022-245-2111","022-243-2530","http://www.nishitaga-hosp.jp/","医療型障害児入所施設","独立行政法人国立病院機構仙台西多賀病院","どくりつぎょうせいほうじんこくりつびょういんきこうせんだいにしたがびょういん","0455410068","宮城県仙台市太白区","鈎取本町２丁目１１−１１","022-245-2111","022-243-2530",,38.22648521,140.83364603,"","","","",,,
"05000","E0000017419","秋田県","地方独立行政法人　秋田県立療育機構","ちほうどくりつぎょうせいほうじんあきたけんりつりょういくきこう","7410005001796","秋田県秋田市","南ケ丘一丁目１番２号","018-826-2401","018-826-2407","http://www.airc.or.jp/","医療型障害児入所施設","秋田県立医療療育センター","あきたけんりついりょうりょういくせんたー","0550110373","秋田県秋田市","南ケ丘一丁目１番２号","018-826-2401","018-826-2407","http://www.airc.or.jp/",39.69012107,140.15990166,"","","","",,,100
"05000","E0000017480","秋田県","独立行政法人国立病院機構　あきた病院","どくりつぎょうせいほうじんこくりつびょういんきこうあきたびょういん","1013205001281","秋田県由利本荘市","岩城内道川字井戸ノ沢８４−４０","0184-73-2002","0184-73-2370","https://akita.hosp.go.jp/","医療型障害児入所施設","あきた病院","あきたびょういん","0551010374","秋田県由利本荘市","岩城内道川字井戸ノ沢８４−４０","0184-73-2002","0184-73-2370","https://akita.hosp.go.jp",39.56148933,140.06025642,"","","","",,,
"06000","E0000060133","山形県","山形県","やまがたけん","5000020060003","山形県山形市","松波二丁目８番１号","023-630-2266","023-630-2111","http://www.pref.yamagata.jp/","医療型障害児入所施設","山形県立こども医療療育センター","やまがたけんりつこどもいりょうりょういくせんたー","0650800048","山形県上山市","河崎３−７−１","023-673-3366","023-673-3757","https://www.pref.yamagata.jp/ou/kenkofukushi/091007/",38.15222761,140.26237664,"","","","",,,60
"07000","A0000008961","福島県","福島県","ふくしまけん","7000020070009","福島県福島市","杉妻町２番１６号","024-521-8382","024-521-7747","https://www.pref.fukushima.lg.jp/sec/21810a/","医療型障害児入所施設","福島県総合療育センター","ふくしまけんそうごうりょういくせんたー","0750200115","福島県郡山市","富田町字上ノ台4-1","024-951-0250","024-951-0143","https://www.pref.fukushima.lg.jp/sec/21810a/",37.42883632,140.34647006,"","","","",,,80
"07000","A0000007779","福島県","社会福祉法人　いわき福音協会","しゃかいふくしほうじんいわきふくいんきょうかい","2380005005715","福島県いわき市","平上平窪字羽黒40-44法人本部事務局","0246-23-1903","0246-23-1905","http://i-fukuin.com/index.html","医療型障害児入所施設","福島整肢療護園","ふくしませいしりょうごえん","0750400012","福島県いわき市","平上平窪字古舘１−２","0246-25-8131","0246-22-1259","http://www.ryogoen.jp",37.09267186,140.88874309,"","","","",,,60
"08000","E0000063782","茨城県","社会福祉法人　芳香会","しゃかいふくしほうじんほうこうかい","2050005005541","茨城県古河市","上大野６９８番地","0280-97-1027","0280-97-1112","http://www.houkoukai.or.jp/","医療型障害児入所施設","芳香会病院青嵐荘療育園","ほうこうかいびょういんせいらんそうりょういくえん","0850400011","茨城県古河市","上大野６９８","0280-98-2782","0280-98-4264","http://www.houkoukai.or.jp/",36.21013534,139.77438712,"","","","",,,50
"08000","E0000063703","茨城県","社会福祉法人　愛正会","しゃかいふくしほうじんあいせいかい","6050005007435","茨城県高萩市","大字下手綱字大谷口１９５１番地の１５","0293-24-6322","0293-24-6322","https://www.aiseikai.org/","医療型障害児入所施設","愛正会記念茨城福祉医療センター","あいせいかいきねんいばらきふくしいりょうせんたー","0850100397","茨城県水戸市","元吉田町１８７２-１","029-353-7171","029-353-6112","http://www.aiseikai-kinen-hp.com",36.33900028,140.47428801,"","","","",,,135
"08000","E0000063867","茨城県","社会福祉法人　愛正会","しゃかいふくしほうじんあいせいかい","6050005007435","茨城県高萩市","大字下手綱字大谷口１９５１番地の１５","0293-24-6322","0293-24-6322","https://www.aiseikai.org/","医療型障害児入所施設","水方苑","すいほうえん","0851400010","茨城県高萩市","下手綱１９５１−１５","0293-24-6661","0293-24-6663","http://www.health-care.or.jp/suihou/index.php",36.72866157,140.69083591,"","","","",,,60
"08000","E0000064082","茨城県","独立行政法人　国立病院機構　茨城東病院","どくりつぎょうせいほうじんこくりつびょういんきこういばらきひがしびょういん","1013205001281","茨城県那珂郡東海村","照沼８２５","029-282-1151","029-282-7156","https://www.ibarakihigashi-hospital.jp/","医療型障害児入所施設","独立行政法人　国立病院機構　茨城東病院","どくりつぎょうせいほうじんこくりつびょういんきこういばらきひがしびょういん","0853300010","茨城県那珂郡東海村","照沼８２５","029-282-1151","029-282-7156","https://www.ibarakihigashi-hospital.jp/",36.43763685,140.59534378,"","","","",,,120
"09000","A0000012778","栃木県","地方独立行政法人栃木県立リハビリテーションセンター","ちほうどくりつぎょうせいほうじんとちぎけんりつりはびりてーしょんせんたー","8060005009437","栃木県宇都宮市","駒生町3337-1","028-623-6128","028-623-6129","https://tochigi-riha.jp/","医療型障害児入所施設","栃木県立リハビリテーションセンター　こども療育センター","とちぎけんりつりはびりてーしょんせんたーこどもりょういくせんたー","0950100685","栃木県宇都宮市","駒生町3337-1","028-623-6138","028-623-6139",,36.58374399,139.84488037,"","","","",,,30
"09000","A0000018287","栃木県","社会福祉法人星風会","しゃかいふくしほうじんせいふうかい","8060005005485","栃木県栃木市","田村町928","0282-27-3969","0282-27-5408","http://www.sfk.or.jp/","医療型障害児入所施設","星風会病院星風院","せいふうかいびょういんせいふういん","0950300012","栃木県栃木市","田村町925-2","0282-27-5222","0282-27-5482","http://www.sfk.or.jp/",36.39341668,139.78336263,"","","","",,,60
"09000","E0000065811","栃木県","社会福祉法人邦友会","しゃかいふくしほうじんほうゆうかい","3060005004302","栃木県大田原市","北金丸2600-7","0287-20-5100","0287-20-5121","https://hoyukai.iuhw.ac.jp/","医療型障害児入所施設","なす療育園","なすりょういくえん","0951000017","栃木県大田原市","北金丸２６００番地７","0287-20-5100","0287-20-5121","https://hoyukai.iuhw.ac.jp/",36.87152419,140.07106469,"","","","",,,50
"10000","E0000021272","群馬県","社会福祉法人榛桐会","しゃかいふくしほうじんしんとうかい","9070005002539","群馬県高崎市","大八木町168番地1社会福祉法人榛桐会　さわらび医療福祉センター","027-361-6111","027-361-6112","http://www.shintokai.jp/","医療型障害児入所施設","医療型障害児入所施設めぐみ","いりょうがたしょうがいじにゅうしょしせつめぐみ","1050200029","群馬県高崎市","大八木町168番地1","027-361-6111","027-361-6112","http://www.shintokai.jp/",36.36078283,138.99243416,"","","","",,,105
"10000","E0000021273","群馬県","社会福祉法人二之沢愛育会","しゃかいふくしほうじんにのさわあいいくかい","5070005002889","群馬県高崎市","足門町１４６−１","027-373-2277","027-373-2278","http://www.aiiku-kai.com/","医療型障害児入所施設","群馬整肢療護園（若草病棟）","ぐんませいしりょうごえんわかくさびょうとう","1050200037","群馬県高崎市","足門町１４６−１","027-373-2277","027-273-2278","http://www.gunmaseishi.com",36.40171611,138.98170919,"","","","","","",
"10000","E0000021296","群馬県","社会福祉法人二之沢愛育会","しゃかいふくしほうじんにのさわあいいくかい","5070005002889","群馬県高崎市","足門町１４６−１","027-373-2277","027-373-2278","http://www.aiiku-kai.com/","医療型障害児入所施設","群馬整肢療護園（そよ風病棟）","ぐんませいしりょうごえんそよかぜびょうとう","1050200367","群馬県高崎市","足門町１４６−１","027-373-2277","027-373-2278","http://www.gunmaseishi.com",36.40171611,138.98170919,"","","","","","",
"10000","E0000021336","群馬県","社会福祉法人桐生療育双葉会","しゃかいふくしほうじんきりゅうりょういくふたばかい","9070005005095","群馬県桐生市","広沢町1丁目2648-1","0277-54-1182","0277-53-7003","https://ryouiku-futabakai.or.jp/","医療型障害児入所施設","両毛整肢療護園","りょうもうせいしりょうごえん","1050300035","群馬県桐生市","広沢町１丁目２６４８−１","0277-54-1182","0277-53-7003","https://ryouiku-futabakai.or.jp/",36.39268321,139.33271819,"","","","",,,60
"10000","E0000021425","群馬県","独立行政法人　国立病院機構　渋川医療センター","どくりつぎょうせいほうじんこくりつびょういんきこうしぶかわいりょうせんたー",,"群馬県渋川市","白井３８３番地独立行政法人国立病院機構渋川医療センター","0279-23-1010","0279-23-1011","https://shibukawa.hosp.go.jp/","医療型障害児入所施設","渋川医療センター","しぶかわいりょうせんたー","1050800026","群馬県渋川市","白井３８３番地独立行政法人国立病院機構渋川医療センター","0279-23-1010","0279-23-1011","https://shibukawa.hosp.go.jp/",36.50965174,139.01783726,"","","","",,,100
"10000","E0000021450","群馬県","社会福祉法人希望の家","しゃかいふくしほうじんきぼうのいえ","3070005005126","群馬県みどり市","大間々町大間々２２−４","0277-73-2605","0277-73-6462","http://www.kibounoie.or.jp","医療型障害児入所施設","療育センター　きぼう","りょういくせんたーきぼう","1051200010","群馬県みどり市","大間々町大間々２２−４","0277-73-2605","0277-73-6462","http://www.kibounoie.or.jp",36.41534933,139.28489207,"","","","",,,132
"11100","A0000002392","さいたま市","社会福祉法人　桜楓会","しゃかいふくしほうじんおうふうかい","9030005018828","埼玉県さいたま市岩槻区","馬込２１００","048-797-6915","048-797-6925","http://www.ohfukai.jp","医療型障害児入所施設","医療型障害児入所施設　カリヨンの杜","いりょうがたしょうがいじにゅうしょしせつかりよんのもり","1156508622","埼玉県さいたま市岩槻区","馬込２１００","048-797-6915","048-797-6925","http://www.ohfukai.jp",35.96845412,139.65489405,"","","","",,,40
"11000","A0000023408","埼玉県","社会福祉法人清風会","しゃかいふくしほうじんせいふうかい","4030005013429","埼玉県熊谷市","津田１８５５−１","0493-39-2851","0493-39-2247","http://www.seifu-kai.or.jp","医療型障害児入所施設","福祉医療センター太陽の園","ふくしいりょうせんたーたいようのその","1153100019","埼玉県熊谷市","津田１８５５−１","0493-39-2851",,,36.09450872,139.42579854,"","","","",,,70
"11000","A0000022515","埼玉県","社会福祉法人埼玉県社会福祉事業団","しゃかいふくしほうじんさいたまけんしゃかいふくしじぎょうだん","3030005011879","埼玉県比企郡嵐山町","古里１８４８嵐山郷","0493-62-9191","0493-61-0152","http://sswc-gr.jp/sswc/","医療型障害児入所施設","埼玉県立嵐山郷","さいたまけんりつらんざんごう","1153214315","埼玉県比企郡嵐山町","古里１８４８嵐山郷","0493-62-6221","0493-62-8944","http://sswc-gr.jp/ranzan/",36.10673580,139.30079642,"","","","",,,60
"11000","A0000020341","埼玉県","社会福祉法人東埼玉","しゃかいふくしほうじんひがしさいたま","8030005010496","埼玉県北葛飾郡松伏町","下赤岩２２２番地","048-992-2701","048-992-2702","http://www.nakagawanosato.or.jp","医療型障害児入所施設","中川の郷療育センター","なかがわのさとりょういくせんたー","1151175013","埼玉県北葛飾郡松伏町","下赤岩２２２番地","048-992-2701","048-992-2702","http://nakagawanosato.or.jp",35.90748813,139.84039052,"","","","",,,70
"12100","A0000020623","千葉市","千葉市（社会福祉法人千葉市社会福祉協議会）","ちばし","6000020121002","千葉県千葉市中央区","千葉港１−１","043-245-5227","043-245-5630","https://www.city.chiba.jp/（https://chiba-shakyo.jp）","医療型障害児入所施設","千葉市桜木園","ちばしさくらぎえん","1250115035","千葉県千葉市若葉区","桜木８丁目３１番１５号","043-231-5865","043-231-7862","https://www.shafuku-chiba.jp/sakuragi",35.62641210,140.16519194,"","","","",,,50
"12100","E0000024667","千葉市","社会福祉法人千葉県身体障害者福祉事業団","しゃかいふくしほうじんちばけんしんたいしょうがいしゃふくしじぎょうだん","5040005001522","千葉県千葉市緑区","誉田町１丁目４５番２","043-291-1831","043-291-1857","http://www.chiba-reha.jp/","医療型障害児入所施設","愛育園","あいいくえん","1250120019","千葉県千葉市緑区","誉田町１丁目４５番２","043-291-1831","043-291-1853","http://www.chiba-reha.jp/",35.55717270,140.19228631,"","","","",,,132
"12000","A0000009558","千葉県","社会福祉法人創仁会","しゃかいふくしほうじんそうじんかい","8040005017788","千葉県柏市","酒井根２４事務局","04-7176-7710","04-7176-7718","http://koyoen.jp","医療型障害児入所施設","東葛医療福祉センター光陽園","とうかついりょうふくしせんたーこうようえん","1252100316","千葉県柏市","酒井根24","04-7176-7710","04-7176-7718","http://koyoen.jp",35.81945823,139.96078058,"","","","",,,86
"13000","E0000086826","東京都","東京都","とうきょうと","8000020130001","東京都新宿区","西新宿２−８−１","03-5321-1111",,"https://www.metro.tokyo.lg.jp/","医療型障害児入所施設","東部療育センター","とうぶりょういくせんたー","1350800015","東京都江東区","新砂３−３−２５","03-5632-8070","03-5632-8071","http://www.tobu-ryoiku.jp/",35.66381872,139.83317773,"","","","","","",
"13000","E0000087157","東京都","東京都","とうきょうと","8000020130001","東京都新宿区","西新宿２−８−１","03-5321-1111",,"https://www.metro.tokyo.lg.jp/","医療型障害児入所施設","東京都立北療育医療センター","とうきょうとりつきたりょういくいりょうせんたー","1351700016","東京都北区","十条台１−２−３","03-3908-3001","03-3908-2984","http://www.fukushihoken.metro.tokyo.jp/kitaryou/index.html",35.75403643,139.72307825,"","","","","","",
"13000","E0000087158","東京都","東京都","とうきょうと","8000020130001","東京都新宿区","西新宿２−８−１","03-5321-1111",,"https://www.metro.tokyo.lg.jp/","医療型障害児入所施設","東京都立北療育医療センター","とうきょうとりつきたりょういくいりょうせんたー","1351700024","東京都北区","十条台１−２−３","03-3908-3001","03-3908-2984","http://www.fukushihoken.metro.tokyo.jp/kitaryou/index.html",35.75403643,139.72307825,"","","","","","",
"13000","E0000087545","東京都","東京都","とうきょうと","8000020130001","東京都新宿区","西新宿２−８−１","03-5321-1111",,"https://www.metro.tokyo.lg.jp/","医療型障害児入所施設","府中療育センター","ふちゅうりょういくせんたー","1352900029","東京都府中市","武蔵台２−９−２","042-323-5115","042-322-6207","http://www.fukushihoken.metro.tokyo.jp/fuchuryo/index.html",35.69205074,139.46425281,"","","","","","",
"13000","E0000087851","東京都","東京都","とうきょうと","8000020130001","東京都新宿区","西新宿２−８−１","03-5321-1111",,"https://www.metro.tokyo.lg.jp/","医療型障害児入所施設","東大和療育センター","ひがしやまとりょういくせんたー","1354300012","東京都東大和市","桜が丘３−４４−１０","042-567-0222","042-567-0224","http://www.hmc-smid.jp/index.html",35.73200052,139.42134383,"","","","","","",
"14000","A0000005833","神奈川県","独立行政法人国立病院機構","どくりつぎょうせいほうじんこくりつびょういんきこう","1013205001281","東京都目黒区","東が丘二丁目５番２１号","03-5712-5050","03-5712-5081","https://hosp.go.jp/","医療型障害児入所施設","独立行政法人国立病院機構神奈川病院","どくりつぎょうせいほうじんこくりつびょういんきこうかながわびょういん","1452800467","神奈川県秦野市","落合666番地の1","0463-81-1771","0463-82-7533","http://kanagawa-hosp.jp/",35.38639853,139.23110295,"","","","",,,120
"14000","A0000005835","神奈川県","独立行政法人国立病院機構","どくりつぎょうせいほうじんこくりつびょういんきこう","1013205001281","東京都目黒区","東が丘二丁目５番２１号","03-5712-5050","03-5712-5081","https://hosp.go.jp/","医療型障害児入所施設","独立行政法人国立病院機構箱根病院","どくりつぎょうせいほうじんこくりつびょういんきこうはこねびょういん","1452300476","神奈川県小田原市","風祭412","0465-22-3196","0465-23-1167","http://hakonehosp.com/",35.24750094,139.12877856,"","","","",,,0
"30000","A0000014952","和歌山県","独立行政法人国立病院機構","どくりつぎょうせいほうじんこくりつびょういんきこう","1013205001281","東京都目黒区","東が丘2丁目5番21号","0738-22-3256","0738-23-3104","https://nho.hosp.go.jp/","医療型障害児入所施設","独立行政法人国立病院機構和歌山病院","どくりつぎょうせいほうじんこくりつびょういんきこうわかやまびょういん","3051100018","和歌山県日高郡美浜町","和田1138番地","0738-22-3256","0738-23-3104","http://www.wakayama-hosp.jp/",33.89571040,135.12900400,"","","","",,,163
"33000","A0000015464","岡山県","独立行政法人国立病院機構","どくりつぎょうせいほうじんこくりつびょういんきこう","1013205001281","東京都目黒区","東が丘２丁目５番２１号","03-5712-5050","03-5712-5081","https://nho.hosp.go.jp/","医療型障害児入所施設","独立行政法人国立病院機構南岡山医療センターつくし病棟","どくりつぎょうせいほうじんこくりつびょういんきこうみないおかやまいりょうせんたーつくしびょうとう","3352600161","岡山県都窪郡早島町","早島４０６６","086-482-1121","086-482-3883","https://minamiokayama.hosp.go.jp/",34.61499720,133.82597319,"","","","",,,120
"09000","E0000065689","栃木県","社会福祉法人全国重症心身障害児（者）を守る会","しゃかいふくしほうじんぜんこくじゅうしょうしんしんしょうがいじしゃをまもるかい","7010905000797","東京都世田谷区","三宿2-30-9","03-3413-6781","03-3413-6919","http://ashikaganomori-hospital.jp/","医療型障害児入所施設","あしかがの森足利病院","あしかがのもりあしかがびょういん","0950200014","栃木県足利市","大沼田町６１５","0284-91-0611","0284-91-2867","http://ashikaganomori-hospital.jp/",36.33589241,139.50542656,"","","","","","",
"13119","E0000087205","板橋区","社会福祉法人日本肢体不自由児協会","しゃかいふくしほうじんにほんしたいふじゆうじきょうかい","8011405000188","東京都板橋区","小茂根１−１−７","03-3974-2146","03-3554-6176","http://www.nishikyo.or.jp/","医療型障害児入所施設","心身障害児総合医療療育センター","しんしんしょうがいじそうごういりょうりょういくせんたー","1351900020","東京都板橋区","小茂根１−１−１０","03-3974-2146","03-3554-6176","https://www.ryouiku-net.com/",35.74751660,139.68271522,"","","","",,,98
"13119","E0000087206","板橋区","社会福祉法人日本肢体不自由児協会","しゃかいふくしほうじんにほんしたいふじゆうじきょうかい","8011405000188","東京都板橋区","小茂根１−１−７","03-3974-2146","03-3554-6176","http://www.nishikyo.or.jp/","医療型障害児入所施設","心身障害児総合医療療育センター","しんしんしょうがいじそうごういりょうりょういくせんたー","1351900038","東京都板橋区","小茂根１−１−１０","03-3974-2146","03-3554-6176","https://www.ryouiku-net.com/",35.74751660,139.68271522,"","","","",,,142
"13000","E0000087713","東京都","一般財団法人多摩緑成会","いっぱんざいだんほうじんたまりょくせいかい","5012705000021","東京都小平市","小川西町２−３５−１緑成会病院","042-341-3011","042-345-1392",,"医療型障害児入所施設","緑成会整育園","りょくせいかいせいいくえん","1353400029","東京都小平市","小川町１−７４１−３４","042-341-3013","042-341-3016","https://seiikuen.jp/",35.72726013,139.45002496,"","","","","","",
"13000","E0000087712","東京都","国立研究開発法人　国立精神・神経医療研究センター病院","こくりつけんきゅうかいはつほうじんくにたちせいしんしんけいいりょうけんきゅうせんたーびょういん","6012705001563","東京都小平市","小川東町４−１−１","042-341-2711",,"https://www.ncnp.go.jp/","医療型障害児入所施設","国立研究開発法人　国立精神・神経医療研究センター病院","こくりつけんきゅうかいはつほうじんこくりつせいしんしんけいいりょうけんきゅうせんたーびょういん","1353400011","東京都小平市","小川東町４−１−１","042-341-2711",,"https://www.ncnp.go.jp/hospital/",35.73871233,139.47593880,"","","","",,,6
"13000","E0000087714","東京都","国立研究開発法人　国立精神・神経医療研究センター病院","こくりつけんきゅうかいはつほうじんくにたちせいしんしんけいいりょうけんきゅうせんたーびょういん","6012705001563","東京都小平市","小川東町４−１−１","042-341-2711",,"https://www.ncnp.go.jp/","医療型障害児入所施設","国立研究開発法人　国立精神・神経医療研究センター　病院","こくりつけんきゅうかいはつほうじんこくりつせいしんしんけいいりょうけんきゅうせんたーびょういん","1353400037","東京都小平市","小川東町４−１−１","042-341-2711",,"https://www.ncnp.go.jp/hospital/",35.73871233,139.47593880,"","","","",,,6
"13000","E0000087890","東京都","社会福祉法人　鶴風会","しゃかいふくしほうじんかくふうかい","012805000138 ","東京都武蔵村山市","学園４−１０−１","042-561-2521","042-566-3753","http://kakufuh.com/","医療型障害児入所施設","東京小児療育病院","とうきょうしょうにりょういくびょういん","1354600023","東京都武蔵村山市","学園４−１０−１","042-561-2521","042-566-3753","http://kakufuh.com/",35.74406249,139.39810389,"","","","","","",
"13000","E0000087897","東京都","社会福祉法人日本心身障害児協会","しゃかいふくしほうじんにほんしんしんしょうがいじきょうかい","8013405000151","東京都多摩市","中沢１−３１−１","042-374-2071","042-372-9363","https://www.shimada-ryoiku.or.jp/","医療型障害児入所施設","島田療育センター","しまだりょういくせんたー","1354700021","東京都多摩市","中沢１−３１−１","042-374-2071","042-372-9363","https://www.shimada-ryoiku.or.jp/tama/",35.62198803,139.41149603,"","","","","","",
"14100","A0000015020","横浜市","社会福祉法人恩賜財団済生会支部神奈川県済生会","しゃかいふくしほうじんおんしざいだんさいせいかいしぶかながわけんさいせいかい","3010405001696","神奈川県横浜市神奈川区","西神奈川1丁目13番地10","045-423-2301","045-423-2300","http://skanagawa-saiseikai.jp/","医療型障害児入所施設","重症心身障害児（者）施設サルビア","じゅうしょうしんしんしょうがいじしゃしせつさるびあ","1450100019","神奈川県横浜市鶴見区","下末吉三丁目６番１号","045-576-3000","045-576-3559",,35.52386805,139.67510925,"","","","",,,40
"14150","E0000095394","相模原市","社会福祉法人ワゲン福祉会","しゃかいふくしほうじんわげんふくしかい","7021005002618","神奈川県相模原市中央区","中央区小山３４２９総合相模更生病院","042-752-1808","042-752-1559","http://www.wagen.or.jp","医療型障害児入所施設","ワゲン療育病院長竹","わげんりょういくびょういんながたけ","1452600446","神奈川県相模原市緑区","長竹４９４番地１","042-784-7227","042-784-3800","http://www.wagen.or.jp/nagatake/",35.56759976,139.26710629,"","","","",,,40
"14150","E0000095473","相模原市","社会福祉法人慈恵療育会","しゃかいふくしほうじんじけいりょういくかい","6021005002627","神奈川県相模原市南区","南区若松１丁目２１番９号","042-749-6316","042-749-6356","http://jikeiryouikukai.or.jp/","医療型障害児入所施設","相模原療育園","さがみはらりょういくえん","1452601212","神奈川県相模原市南区","若松１丁目２１番９号","042-749-6316","042-749-6356","http://www.jikeiryouikukai.or.jp/index.html",35.54349996,139.42230043,"","","","",,,
"14201","E0000095839","横須賀市","社会福祉法人みなと舎","しゃかいふくしほうじんみなとしゃ","6021005007642","神奈川県横須賀市","芦名二丁目８番１７号ゆう","046-855-3911","046-855-3912","http://www.minato-yuu.or.jp","医療型障害児入所施設","ライフゆう","らいふゆう","1451900177","神奈川県横須賀市","湘南国際村一丁目４番６号ライフゆう","046-856-6833","046-856-6834","http://minato-yuu.or.jp",35.25460127,139.60759442,"","","","",,,55
"14000","A0000005436","神奈川県","社会福祉法人聖テレジア会","しゃかいふくしほうじんせいてれじあかい","2021005002102","神奈川県鎌倉市","腰越一丁目２番１号","0467-31-1360","0467-32-6330","https://www.seiterejiakai.com","医療型障害児入所施設","鎌倉療育医療センター小さき花の園","かまくらりょういくいりょうせんたーちいさきはなのその","1452100330","神奈川県鎌倉市","腰越一丁目２番１号","0467-31-6703","0467-32-5841","https://www.chiisaki.com",35.30795402,139.50107653,"","","","",,,72
"14000","A0000019427","神奈川県","社会福祉法人風祭の森","しゃかいふくしほうじんかざまつりのもり","9021005006071","神奈川県小田原市","風祭５６３","0465-24-6561","0465-21-6506","https://kazamatsurinomori.or.jp","医療型障害児入所施設","太陽の門　重症心身障害児（者）施設","たいようのもんじゅうしょうしんしんしょうがいしせつ","1452300450","神奈川県小田原市","風祭５６３番","0465-24-6561","0465-21-6505","https://kazamatsurinomori.or.jp",35.24892858,139.13142544,"","","","",,,50
"14000","A0000007907","神奈川県","社会福祉法人神奈川県総合リハビリテーション事業団","しゃかいふくしほうじんかながわけんそうごうりはびりてーしょんじぎょうだん","8020005002214","神奈川県厚木市","七沢５１６番地","046-249-2220","046-249-2254","http://www.kanagawa-rehab.or.jp/","医療型障害児入所施設","七沢療育園","ななさわりょういくえん","1452900515","神奈川県厚木市","七沢５１６","046-249-2720",,,35.43823811,139.29674408,"","","","",,,39
"15100","E0000098239","新潟市","新潟県","にいがたけん","5000020150002","新潟県新潟市中央区","新光町４番地１","025-280-5210","025-283-2062","https://www.pref.niigata.lg.jp/","医療型障害児入所施設","新潟県はまぐみ小児療育センター","にいがたけんはまぐみしょうにりょういくせんたー","1550100026","新潟県新潟市中央区","水道町１丁目５９３２番地","025-266-0151","025-266-0152","http://www.pref.niigata.lg.jp/site/humagumi/hamagumi/html",37.91957232,139.02783565,"","","","",,,50
"15100","A0000013044","新潟市","独立行政法人国立病院機構西新潟中央病院","どくりつぎょうせいほうじんこくりつびょういんきこうにしにいがたちゅうおうびょういん","1013205001281","新潟県新潟市西区","真砂１丁目１４番１号","025-265-3171","025-231-2831","http://www.masa.go.jp/","医療型障害児入所施設","独立行政法人　国立病院機構　西新潟中央病院","どくりつぎょうせいほうじんこくりつびょういんきこうにしにいがたちゅうおうびょういん","1550100034","新潟県新潟市西区","真砂１丁目１４番１号","025-265-3171","025-231-2831",,37.89050129,138.98525619,"","","","",,,120
"15000","E0000097421","新潟県","社会福祉法人　長岡福祉協会","しゃかいふくしほうじんながおかふくしきょうかい","9110005011262","新潟県長岡市","深沢町字高寺２２７８番地８法人本部","0258-46-6053","0258-46-6402","http://www.nagaokafukusi.com","医療型障害児入所施設","長岡療育園","ながおかりょういくえん","1550200032","新潟県長岡市","深沢町字高寺２２７８番地８","0258-46-6611","0258-47-3535","https://www.nagaryo.or.jp/",37.44626720,138.85127950,"","","","",,,140
"16000","A0000001608","富山県","富山県","とやまけん","7000020160008","富山県富山市","新総曲輪1-7","076-431-4111",,"http://www.pref.toyama.jp","医療型障害児入所施設","医療型障害児入所施設　富山県リハビリテーション病院・こども支援センター","いりょうがたしょうがいじにゅうしょしせつとやまけんりはびりてーしょんびょういんこどもしえんせんたー","1650100017","富山県富山市","下飯野３６番地","076-438-2233","076-426-1588",,36.74301077,137.26705904,"","","","",,,50
"16000","A0000001591","富山県","社会福祉法人　秀愛会","しゃかいふくしほうじんしゅうあいかい","9230005002464","富山県富山市","稲代１０２３","076-467-4477","076-467-4478","http://www.ayumi-toyama.jp/","医療型障害児入所施設","あゆみの郷","あゆみのさと","1650100041","富山県富山市","稲代１０２３","076-467-4477","076-467-4478","https://ayumi.syuaikai.com/",36.56985523,137.19846219,"","","","",,,57
"16000","A0000070345","富山県","独立行政法人国立病院機構北陸病院","どくりつぎょうせいほうじんこくりつびょういんきこうほくりくびょういん","1013205001281","富山県南砺市","信末5963","0763-62-1340","0763-62-3460","https://hokuriku.hosp.go.jp/","医療型障害児入所施設","独立行政法人国立病院機構北陸病院","どくりつぎょうせいほうじんこくりつびょういんきこうほくりくびょういん","1658000029","富山県南砺市","信末５９６３","0763-62-1340","0763-62-3460","https://hokuriku.hosp.go.jp/",36.53675165,136.90504995,"","","","",,,50
"17000","E0000026679","石川県","社会福祉法人　石川整肢学園","しゃかいふくしほうじんいしかわせいしがくえん","5220005001990","石川県金沢市","平和町１丁目２番28号","076-242-2012","076-242-0153","http://www.seishi.isg.or.jp/","医療型障害児入所施設","小松療育園","こまつりょういくえん","1750302034","石川県小松市","瀬領町丁１番地2号","0761-46-1306","0761-46-1307","http://www.komatsu.isg.or.jp/index.html",36.33138096,136.48525013,"","","","",,,50
"17201","A0000002821","金沢市","社会福祉法人　石川整肢学園","しゃかいふくしほうじんいしかわせいしがくえん","5220005001990","石川県金沢市","平和町１丁目２番28号","076-242-2378","076-242-2570","http://www.seishi.isg.or.jp/","医療型障害児入所施設","石川整肢学園","いしかわせいしがくえん","1750101717","石川県金沢市","吉原町ロ６番地２","076-257-3311","076-257-3394","http://www.seishi.isg.or.jp",36.61318497,136.69482204,"","","","",,,40
"17201","A0000002822","金沢市","社会福祉法人　石川整肢学園","しゃかいふくしほうじんいしかわせいしがくえん","5220005001990","石川県金沢市","平和町１丁目２番28号","076-242-2378","076-242-2570","http://www.seishi.isg.or.jp/","医療型障害児入所施設","金沢療育園","かなざわりょういくえん","1750102046","石川県金沢市","吉原町ロ６番地２","076-257-3311","076-257-3394","http://www.seishi.isg.or.jp",36.61318497,136.69482204,"","","","",,,60
"17201","A0000002826","金沢市","社会福祉法人　松原愛育会","しゃかいふくしほうじんまつばらあいいくかい","6220005002071","石川県金沢市","上中町イ６７番２","076-229-3800","076-229-3800","http://m-aiiku.jp/","医療型障害児入所施設","石川療育センター","いしかわりょういくせんたー","1750102012","石川県金沢市","上中町イ６７番２","076-229-3033","076-229-3043","http://m-aiiku.jp.center/",36.51983614,136.70301030,"","","","",,,60
"18201","A0000010798","福井市","福井県こども療育センター","ふくいけんこどもりょういくせんたー","4000020180009","福井県福井市","四ツ井２丁目８−１","0776-53-6570","0776-53-6576",,"医療型障害児入所施設","こども療育センター　つくし園","こどもりょういくせんたーつくしえん","1850100023","福井県福井市","四ツ井２−８−１","0776-53-6570","0776-53-6576","http://www.pref.fukui.lg.jp/doc/kodomo-ryouiku/nyusho.html",36.06927776,136.23798397,"","","","",,,
"19000","E0000100656","山梨県","独立行政法人国立病院機構　甲府病院","どくりつぎょうせいほうじんこくりつびょういんきこうこうふびょういん","1013205001281","山梨県甲府市","天神町11-35","055-253-6131","055-251-5597","https://kofu.hosp.go.jp/","医療型障害児入所施設","甲府病院","こうふびょういん","1950100535","山梨県甲府市","天神町１１−３５","055-253-6131","055-251-5597","https://kofu.hosp.go.jp/",35.67720505,138.56748130,"","","","",,,
"19000","E0000100705","山梨県","山梨県","やまなしけん","8000020190004","山梨県甲府市","丸の内１−６−１福祉保健部　障害福祉課","055-237-1111",,"http://www.pref.yamanashi.jp/","医療型障害児入所施設","あけぼの医療福祉センター","あけぼのいりょうふくしせんたー","1950900298","山梨県韮崎市","旭町上條南割３２５１−１","0551-22-6111","0551-22-7890","http://www.pref.yamanashi.jp/akbn-iryo/index.html",35.66946836,138.44739422,"","","","",,,80
"20000","A0000001720","長野県","独立行政法人国立病院機構東長野病院","どくりつぎょうせいほうじんこくりつびょういんきこうひがしながのびょういん","1013205001281","長野県長野市","上野２丁目４７７なし","026-296-1111","026-296-1189","https://higashinagano.hosp.go.jp/","医療型障害児入所施設","独立行政法人国立病院機構　東長野病院","どくりつぎょうせいほうじんこくりつびょういんきこうひがしながのびょういん","2050100029","長野県長野市","上野２丁目４７７なし","026-296-1111","026-296-1189","http://enagano-hosp.jp/",36.68699425,138.23847929,"","","","",,,130
"20000","A0000001722","長野県","独立行政法人国立病院機構まつもと医療センター","どくりつぎょうせいほうじんこくりつびょういんきこうまつもといりょうせんたー",,"長野県松本市","村井町南2-20-30","0263-58-4567","0263-86-3183","http://mmccenta.jp","医療型障害児入所施設","独立行政法人国立病院機構まつもと医療センター　","どくりつぎょうせいほうじんこくりつびょういんきこうまつもといりょうせんたー","2050200019","長野県松本市","村井町南2-2-0-30","0263-58-4567","0263-86-3183",,36.23805990,137.97201400,"","","","",,,100
"20000","A0000001723","長野県","独立行政法人国立病院機構小諸高原病院","どくりつぎょうせいほうじんこくりつびょういんきこうこもろこうげんびょういん","1013205001281","長野県小諸市","384-8540 長野県小諸市甲４５９８独立行政法人国立病院機構小諸高原病院","0267-22-0870","0267-23-7034","http://www.komoro-hp.jp/","医療型障害児入所施設","独立行政法人国立病院機構　小諸高原病院","どくりつぎょうせいほうじんこくりつびょういんきこうこもろこうげんびょういん","2050800016","長野県小諸市","甲４５９８","0267-22-0870","0267-23-7034",,36.34595051,138.45104138,"","","","",,,60
"20000","A0000001724","長野県","社会福祉法人信濃整肢療護園","しゃかいふくしほうじんしなのせいしりょうごえん","1100005002798","長野県千曲市","大字野高場1835-9","026-272-1435","026-273-5119","http://www.timelyhit.ne.jp/inasenta/","医療型障害児入所施設","稲荷山医療福祉センター","いなりやまいりょうふくしせんたー","2051800015","長野県千曲市","大字野高場1835-9","026-272-1435","026-273-5119","http://www.timelyhit.ne.jp/inasenta/",36.53843100,138.10863979,"","","","",,,75
"20000","A0000001726","長野県","社会福祉法人信濃医療福祉センター","しゃかいふくしほうじんしなのいいりょうふくしせんたー","7100005008501","長野県諏訪郡下諏訪町","社字花田6525-1","0266-27-8414","0266-27-7936","http://www.shinano-iryo.jp/","医療型障害児入所施設","信濃医療福祉センター","しなのいりょうふくしせんたー","2052300015","長野県諏訪郡下諏訪町","社字花田６５２５−１","0266-27-8414","0266-27-7936","http://www.shinano-iryo.jp/",36.06948640,138.08013640,"","","","",,,113
"21000","E0000030963","岐阜県","岐阜県","ぎふけん","4000020210005","岐阜県岐阜市","薮田南２丁目１−１岐阜県庁","058-272-1111","058-278-2643","http://www.pref.gifu.lg.jp/index.html","医療型障害児入所施設","岐阜県立希望が丘こども医療福祉センター","ぎふけんりつきぼうがおかこどもいりょうふくしせんたー","2150100077","岐阜県岐阜市","則武１８１６−１","058-233-7121","058-233-7123","https://www.pref.gifu.lg.jp/kodomo/shogaisha/sodan-madoguchi/22315/kibogaoka_top.html",35.44022029,136.75405946,"","","","",,,43
"21000","E0000031005","岐阜県","地方独立行政法人　岐阜県総合医療センター","ちほうどくりつぎょうせいほうじんぎふけんそうごういりょうせんたー","8200005003994","岐阜県岐阜市","野一色四丁目６番１号","058-246-1111","058-248-3805","https://www.gifu-hp.jp","医療型障害児入所施設","重症心身障がい児施設すこやか","じゅうしょうしんしんしょうがいじしせつすこやか","2150100580","岐阜県岐阜市","岐阜市","0582483805","058-248-3805","https://www.gifu-hp.jp/sukoyaka",35.42323670,136.76094510,"","","","",,,30
"21000","E0000030962","岐阜県","独立行政法人国立病院機構長良医療センター","どくりつぎょうせいほうじんこくりつびょういんきこうながらいりょうせんたー",,"岐阜県岐阜市","長良１３００番地７番","058-232-7755","058-295-0077","http://nagara.hosp.go.jp/","医療型障害児入所施設","独立行政法人国立病院機構長良医療センター","どくりつぎょうせいほうじんこくりつびょういんきこうながらいりょうせんたー","2150100069","岐阜県岐阜市","長良１３００番地７番","058-232-7755","058-295-0077","http://nagara.hosp.go.jp/",35.45173297,136.78809930,"","","","",,,180
"22100","E0000102013","静岡市","独立行政法人国立病院機構静岡てんかん・神経医療センター","どくりつぎょうせいほうじんこくりつびょういんきこうしずおかてんかんしんけいいりょうせんたー","1013205001281","静岡県静岡市葵区","漆山８８６　","054-245-5446","054-247-9781","http://www.shizuokamind.hosp.go.jp/","医療型障害児入所施設","独立行政法人国立病院機構静岡てんかん・神経医療センター","どくりつぎょうせいほうじんこくりつびょういんきこうしずおかてんかんしんけいいりょうせんたー","2254200047","静岡県静岡市葵区","漆山８８６　","054-245-5446","054-247-9781","http://www.shizuokamind.org/",35.01899263,138.39773175,"","","","",,,160
"22000","A0000010177","静岡県","社会福祉法人恩賜財団済生会支部静岡県済生会","しゃかいふくしほうじんおんしざいだんさいせいかいしぶしずおかけんさいせいかい","3010405001696","静岡県静岡市駿河区","小鹿一丁目１番１号","054-285-6171","054-285-5179","http://www.siz-saiseikai.jp/","医療型障害児入所施設","伊豆医療福祉センター","いずいりょうふくしせんたー","2252200163","静岡県伊豆の国市","寺家202","055-949-1165","055-949-5303","http://www.izuiryo.jp/",35.04843876,138.94326956,"","","","",,,38
"22100","E0000102010","静岡市","社会福祉法人恩賜財団済生会支部静岡県済生会","しゃかいふくしほうじんおんしざいだんさいせいかいしぶしずおかけんさいせいかい","3010405001696","静岡県静岡市駿河区","小鹿一丁目１番１号静岡済生会総合病院北館5階","054-280-5026","054-280-5139","http://www.siz-saiseikai.jp/","医療型障害児入所施設","静岡済生会療育センター令和","しずおかさいせいかいりょういくせんたーれいわ","2254200013","静岡県静岡市駿河区","曲金5丁目３番３０号","054-285-0753","054-287-7982","https://shizuoka-saiseikai.jp/department/center/reiwa/",34.97631497,138.41221754,"","","","",,,60
"22130","E0000033486","浜松市","社会福祉法人聖隷福祉事業団","しゃかいふくしほうじんせいれいふくしじぎょうだん","8080405000142","静岡県浜松市中区","元城町２１８−２６聖隷ビル","053-413-3300","053-413-3314","http://www.seirei.or.jp/hq/","医療型障害児入所施設","聖隷おおぞら療育センター","せいれいおおぞらりょういくせんたー","2252200171","静岡県浜松市北区","三方原町３４５３","053-437-1467","053-437-8714","http://www.seirei.or.jp/mikatahara/oozora/",34.79187836,137.69275559,"","","","","","",
"22100","E0000102011","静岡市","社会福祉法人小羊学園","しゃかいふくしほうじんこひつじがくえん","6080405003361","静岡県浜松市北区","三方原町２７０９−１２なし","053-584-3337","053-585-8488","http://www.kohitsuji.or.jp/","医療型障害児入所施設","つばさ静岡","つばさしずおか","2254200021","静岡県静岡市葵区","城北１１７なし","054-249-2830","054-249-2831","http://www.tsubasa-szok.net/",35.00210024,138.39592663,"","","","",,,60
"22130","A0000083776","浜松市","独立行政法人国立病院機構天竜病院","どくりつぎょうせいほうじんこくりつびょういんきこうてんりゅうびょういん","1013205001281","静岡県浜松市浜北区","於呂４２０１−２","053-583-3111","053-583-3664","https://tenryu.hosp.go.jp/index.html","医療型障害児入所施設","独立行政法人国立病院機構天竜病院","どくりつぎょうせいほうじんこくりつびょういんきこう","2252200197","静岡県浜松市浜北区","於呂4201-2","053-583-3111","053-583-3664",,34.85313957,137.79908048,"","","","",,,
"22000","A0000010178","静岡県","独立行政法人国立病院機構静岡医療センター","どくりつぎょうせいほうじんこくりつびょういんきこうしずおかいりょうせんたー",,"静岡県駿東郡清水町","長沢７６２−１独立行政法人国立病院機構静岡医療センター","055-975-2000","055-975-2725","https://shizuoka-mc.hosp.go.jp/","医療型障害児入所施設","独立行政法人国立病院機構静岡医療センター","どくりつぎょうせいほうじんこくりつびょういんきこうしずおかいりょうせんたー","2252200189","静岡県駿東郡清水町","長沢762−1独立行政法人国立病院機構静岡医療センター","055-975-2000","055-975-2725","http://www.hosp.go.jp/~tsh/",35.10012019,138.88972361,"","","","",,,58
"23000","E0000158378","愛知県","社会福祉法人恩賜財団済生会支部愛知県済生会","しゃかいふくしほうじんおんしざいだんさいせいかいしぶあいちけんさいせいかい","3010405001696","愛知県名古屋市西区","栄生一丁目1番18号","052-571-5251","052-551-0057",,"医療型障害児入所施設","愛知県三河青い鳥医療療育センター","あいちけんみかわあおいとりいりょうりょういくせんたー","2353100478","愛知県岡崎市","高隆寺町小屋場9番地3","0564-64-7980","0564-64-7981","https://www.mikawa-aoitori.jp/",34.95333013,137.22192953,"","","","",,,140
"23100","A0000003699","名古屋市","社会福祉法人恩賜財団済生会支部愛知県済生会","しゃかいふくしほうじんおんしざいだんさいせいかいしぶあいちけんさいせいかい","3010405001696","愛知県名古屋市西区","栄生一丁目1番18号愛知県済生会リハビリテーション病院","052-571-5251","052-551-0057",,"医療型障害児入所施設","愛知県青い鳥医療療育センター","あいちけんあおいとりいりょうりょういくせんたー","2350200156","愛知県名古屋市西区","中小田井五丁目８９番地愛知県青い鳥医療療育センター","052-501-4079","052-501-4085","http://aoitori-center.com",35.21563767,136.87499980,"","","","",,,170
"23000","E0000158708","愛知県","愛知県","あいちけん","1000020230006","愛知県名古屋市中区","三の丸三丁目１番２号","052-961-2111",,"https://www.pref.aichi.jp/","医療型障害児入所施設","愛知県医療療育総合センター中央病院","あいちけんいりょうりょういくそうごうせんたーちゅうおうびょういん","2357500152","愛知県春日井市","神屋町７１３−８","0568-88-0811","0568-88-0839","https://www.pref.aichi.jp/addc/",35.30350436,137.03819792,"","","","",,,120
"23100","A0000012629","名古屋市","名古屋市","なごやし","3000020231002","愛知県名古屋市中区","三の丸三丁目１番１号","052-961-1111",,"http://www.city.nagoya.jp/","医療型障害児入所施設","名古屋市重症心身障害児者施設","なごやしじゅうしょうしんしんしょうがいじしゃしせつ","2357300223","愛知県名古屋市北区","平手町1丁目1番地の5","052-916-0333","052-916-0338","http://twinkle-nagoya.com",35.20291779,136.90255016,"","","","",,,90
"23000","A0000048352","愛知県","独立行政法人国立病院機構豊橋医療センター","どくりつぎょうせいほうじんこくりつびょういんきこうとよはしいりょうせんたー","1013205001281","愛知県豊橋市","飯村町字浜道上50","0532-62-0301","0532-62-3352","https://toyohashi.hosp.go.jp/","医療型障害児入所施設","独立行政法人国立病院機構豊橋医療センター","どくりつぎょうせいほうじんこくりつびょういんきこうとよはしいりょうせんたー","2355100054","愛知県豊橋市","豊橋市","0532-62-0301","0532-62-3352",,34.76919070,137.39138788,"","","","",,,40
"23000","E0000158231","愛知県","社会福祉法人杏嶺会","しゃかいふくしほうじんきょうりょうかい","5180005015921","愛知県一宮市","冨田字流筋1679番地2","0586-62-0002","0586-62-2277","http://www.anzu.or.jp/shafuku/","医療型障害児入所施設","一宮医療療育センター","いちのみやいりょうりょういくせんたー","2352100560","愛知県一宮市","冨田字流筋1679番地2","0586-62-0002","0586-62-2277","http://www.anzu.or.jp/shafuku/",35.29409015,136.74006430,"","","","",,,117
"23000","E0000158645","愛知県","社会福祉法人明世会","しゃかいふくしほうじんめいせいかい","8180305004010","愛知県豊川市","三蔵子町北浦４番地","0533-80-2006","0533-80-2008","http://www.shinaikai1936med.or.jp","医療型障害児入所施設","信愛医療療育センター","しんあいいりょうりょういくせんたー","2355200326","愛知県豊川市","小坂井町大塚３８番地１","0533-95-0980","0533-72-3050","http://www.shinaikai1936med.or.jp",34.79612461,137.35929485,"","","","",,,60
"23000","A0000086587","愛知県","社会福祉法人大同宏緑会","しゃかいふくしほうじんだいどうこうりょくかい","5180005019385","愛知県東海市","名和町長生９番１０","052-603-1070","052-603-1071","https://nijiironoie.or.jp/","医療型障害児入所施設","重症心身障害児者施設　にじいろのいえ","じゅうしょうしんしんしょうがいじしゃしせつにじいろのいえ","2358700249","愛知県東海市","名和町長生９番１０","052-603-1070","052-603-1071",,35.05306964,136.92485393,"","","","",,,34
"24000","A0000000761","三重県","独立行政法人国立病院機構三重病院","どくりつぎょうせいほうじんこくりつびょういんきこうみえびょういん","1013205001281","三重県津市","大里窪田町３５７","059-232-2531","059-232-5994","https://mie.hosp.go.jp/","医療型障害児入所施設","独立行政法人国立病院機構三重病院","どくりつぎょうせいほうじんこくりつびょういんきこうみえびょういん","2450500049","三重県津市","大里窪田町３５７","059-232-2531","059-232-5994","https://mie.hosp.go.jp/",34.77198072,136.48124526,"","","","",,,20
"24000","A0000000760","三重県","三重県","みえけん","5000020240001","三重県津市","広明町１３番地","059-224-3070",,"http://www.pref.mie.lg.jp/","医療型障害児入所施設","三重県立子ども心身発達医療センター","みえけんりつこどもしんしんはったついりょうせんたー","2450500023","三重県津市","大里窪田町３４０番５","059-253-2000","059-253-2031","http://www.pref.mie.lg.jp/CHILDC/",34.76930882,136.47922343,"","","","",,,86
"24000","A0000000860","三重県","社会福祉法人恩賜財団済生会支部三重県済生会","しゃかいふくしほうじんおんしざいだんさいせいかいしぶみえけんさいせいかい","3010405001696","三重県松阪市","朝日町１区１５−６","0598-51-2626","0598-51-6557","http://www.meiwa-saiseikai.jp","医療型障害児入所施設","済生会明和病院なでしこ障害児入所施設","さいせいかいめいわびょういんなでしこしょうがいじにゅうしょしせつ","2452700019","三重県多気郡明和町","上野４３５","0596-53-0010","0596-53-0010","http://www.meiwa-saiseikai.jp",34.53131973,136.63018178,"","","","",,,8
"24000","A0000000738","三重県","独立行政法人国立病院機構鈴鹿病院","どくりつぎょうせいほうじんこくりつびょういんきこうすずかびょういん","1013205001281","三重県鈴鹿市","加佐登３丁目２−１","059-378-1321","059-378-7083","http://www.hosp.go.jp/~suzukaww/","医療型障害児入所施設","独立行政法人国立病院機構鈴鹿病院","どくりつぎょうせいほうじんこくりつびょういんきこうすずかびょういん","2450300010","三重県鈴鹿市","加佐登３丁目２−１","059-378-1321","059-378-7083","http://www.hosp.go.jp/~suzukaww/",34.89232235,136.52685403,"","","","",,,120
"25000","A0000009476","滋賀県","社会福祉法人　びわこ学園","しゃかいふくしほうじんびわこがくえん","6160005008819","滋賀県野洲市","北桜978番地の2びわこ学園医療福祉センター野洲","077-587-1144","077-587-4211","https://www.biwakogakuen.or.jp/","医療型障害児入所施設","びわこ学園医療福祉センター草津","びわこがくえんいりょうふくしせんたーくさつ","2550600015","滋賀県草津市","笠山八丁目3番113号","077-566-0701","077-566-0701","https://www.biwakogakuen.or.jp/kusatsucenter/",34.97691605,135.96022553,"","","","",,,123
"25000","A0000009478","滋賀県","社会福祉法人　びわこ学園","しゃかいふくしほうじんびわこがくえん","6160005008819","滋賀県野洲市","北桜978番地の2びわこ学園医療福祉センター野洲","077-587-1144","077-587-4211","https://www.biwakogakuen.or.jp/","医療型障害児入所施設","びわこ学園医療福祉センター野洲","びわこがくえんいりょうふくしせんたーやす","2551300011","滋賀県野洲市","北桜978番地の2","077-587-1144","077-587-4211","https://www.biwakogakuen.or.jp/yasucenter/",35.04837490,136.04796464,"","","","",,,143
"26100","A0000018793","京都市","社会福祉法人聖ヨゼフ会","しゃかいふくしほうじんせいよぜふかい","3130005004393","京都府京都市北区","北野東紅梅町６番地１","075-462-7621","075-464-2760","http://www.joseph-kyoto.com","医療型障害児入所施設","聖ヨゼフ整肢園","せいよぜふせいしえん","2650100056","京都府京都市北区","北野東紅梅町６番地１","075-462-7621","075-464-2760","http://www.joseph-kyoto.com",35.02841730,135.73185995,"","","","",,,25
"26100","A0000018795","京都市","社会福祉法人聖ヨゼフ会","しゃかいふくしほうじんせいよぜふかい","3130005004393","京都府京都市北区","北野東紅梅町６番地１","075-462-7621","075-464-2760","http://www.joseph-kyoto.com","医療型障害児入所施設","麦の穂学園","むぎのほがくえん","2650100064","京都府京都市北区","北野東紅梅町６番地１","075-462-7621","075-464-2760","http://www.joseph-kyoto.com",35.02841730,135.73185995,"","","","",,,95
"26000","A0000010001","京都府","京 都 府","きょうとふ","2000020260002","京都府京都市上京区","下立売通新町西入ル藪ノ内町","075-414-4634","075-414-4597","","医療型障害児入所施設","京都府立舞鶴こども療育センター","きょうとふりつまいづるこどもりょういくせんたー","2652700010","京都府舞鶴市","字行永２４１０番地３７","0773-63-4865","0773-63-4867","http://maizuru-ryouiku.jp",35.46212948,135.40243552,"","","","",,,
"26000","E0000105302","京都府","社会福祉法人花ノ木","しゃかいふくしほうじんはなのき","1130005007902","京都府亀岡市","大井町小金岐北浦３７−１","0771-23-0701","0771-22-8348","https://kyoto-hananoki.jp/","医療型障害児入所施設","花ノ木医療福祉センター","はなのきいりょうふくしせんたー","2651600013","京都府亀岡市","大井町小金岐北浦３７−１","0771-23-0701","0771-22-8348","http://kyoto-hananoki.jp/",35.04136128,135.54218167,"","","","",,,150
"27000","A0000006781","大阪府","社会福祉法人　四天王寺福祉事業団","しゃかいふくしほうじんしてんのうじふくしじぎょうだん","6120005002412","大阪府大阪市天王寺区","四天王寺一丁目１１番１８号","06-6771-7971","06-6771-8961","http://www.shitennoji-fukushi.jp/","医療型障害児入所施設","四天王寺和らぎ苑","してんのうじやわらぎえん","2754900047","大阪府富田林市","向陽台一丁目３番21号四天王寺和らぎ苑","0721-29-0836","0721-29-3916","http://www.shitennoji-fukushi.jp/",34.50224037,135.58365915,"","","","",,,100
"27100","E0000119959","大阪市","社会福祉法人　愛徳福祉会","しゃかいふくしほうじんあいとくふくしかい","2120005002374","大阪府大阪市東住吉区","山坂五丁目１１番２１号","06-6699-8731","06-6699-8134","http://osaka-drc.jp","医療型障害児入所施設","大阪発達総合療育センター　わかば","おおさかはったつそうごうりょういくせんたーわかば","2750800019","大阪府大阪市東住吉区","山坂五丁目１１番２１号　","06-6699-8731","06-6699-8134","http://osaka-drc.jp",34.61672381,135.51979576,"","","","",,,40
"27100","E0000119960","大阪市","社会福祉法人　愛徳福祉会","しゃかいふくしほうじんあいとくふくしかい","2120005002374","大阪府大阪市東住吉区","山坂五丁目１１番２１号","06-6699-8731","06-6699-8134","http://osaka-drc.jp","医療型障害児入所施設","大阪発達総合療育センターフェニックス","おおさかはったつそうごうりょういくせんたーふぇにっくす","2750800035","大阪府大阪市東住吉区","山坂五丁目１１番２１号　","06-6699-8731","06-6699-8134","http://osaka-drc.jp",34.61672381,135.51979576,"","","","",,,80
"27000","A0000017149","大阪府","地方独立行政法人　大阪府立病院機構","ちほうどくりつぎょうせいほうじんおおさかふりつびょういんきこう","6120005010076","大阪府大阪市中央区","大手前三丁目１番69号","06-6809-5309","06-6809-5934",,"医療型障害児入所施設","大阪精神医療センターたんぽぽ","おおさかせいしんいりょうせんたーたんぽぽ","2752400016","大阪府枚方市","宮之阪三丁目16番21号","072-847-3261","072-840-6206","http://pmc.opho.jp/",34.81411799,135.66189598,"","","","",,,22
"27100","E0000120394","大阪市","社会福祉法人　恩賜財団済生会支部大阪府済生会","しゃかいふくしほうじんおんしざいだんさいせいかいしぶおおさかふさいせいかい",,"大阪府大阪市中央区","谷町七丁目４番１５号大阪府社会福祉会館3階","06-6763-0257","06-6763-0250","https://www.saiseikai.or.jp/","医療型障害児入所施設","大阪整肢学院","おおさかせいしがくいん","2754120117","大阪府大阪市北区","中津二丁目２番２２号　","06-6371-5945","06-6375-9012","http://www.nakatsu.saiseikai.or.jp/seishigakuin/",34.71345959,135.49678450,"","","","",,,100
"27100","E0000120071","大阪市","日本赤十字社大阪府支部","にほんせきじゅうじしゃおおさかふしぶ","6010405002452","大阪府大阪市中央区","大手前二丁目１番７号","06-6775-1900","06-6775-1905","https://www.osaka.jrc.or.jp/","医療型障害児入所施設","大手前整肢学園（入所部）","おおてまえせいしがくえんにゅうしょぶ","2751700010","大阪府大阪市天王寺区","筆ケ崎町５番３０号　","06-6775-1900","06-6775-1905","http://www.osaka-med.jrc.or.jp/seishi/",34.66454372,135.52550821,"","","","",,,
"27100","E0000120073","大阪市","日本赤十字社大阪府支部","にほんせきじゅうじしゃおおさかふしぶ","6010405002452","大阪府大阪市中央区","大手前二丁目１番７号","06-6775-1900","06-6775-1905","https://www.osaka.jrc.or.jp/","医療型障害児入所施設","大手前整肢学園","おおてまえせいしがくえん","2751700036","大阪府大阪市天王寺区","筆ケ崎町５番３０号　","06-6775-1900","06-6775-1905","http://www.osaka-med.jrc.or.jp/seishi/",34.66454372,135.52550821,"","","","",,,
"27000","A0000006777","大阪府","社会福祉法人枚方療育園","しゃかいふくしほうじんひらかたりょういくえん","9120005012730","大阪府枚方市","津田東町２−１−１なし","072-858-0373","072-858-9521","http://www.hirakataryoiku-med.or.jp/","医療型障害児入所施設","枚方総合発達医療センター","ひらかたそうごうはったついりょうせんたー","2752400040","大阪府枚方市","津田東町2-1-1枚方総合発達医療センター","072-858-0373","072-858-9521","http://www.hirakataryoiku-med.or.jp/",34.81208574,135.71070511,"","","","",,,400
"28000","A0000026544","兵庫県","社会福祉法人枚方療育園","しゃかいふくしほうじんひらかたりょういくえん","9120005012730","大阪府枚方市","津田東町２丁目１番１号","072-858-0373","072-858-9321","http://www.hirakataryoiku-med.or.jp","医療型障害児入所施設","医療福祉センターさくら","いりょうふくしせんたーさくら","2851200028","兵庫県三田市","東本庄１１８８番地","079-568-4103","079-568-4104","https://www.hirakataryoiku-med.or.jp/sanda/sakura/",34.95559247,135.16574082,"","","","",,,300
"27000","A0000006785","大阪府","社会福祉法人　大阪府障害者福祉事業団","しゃかいふくしほうじんおおさかふしょうがいしゃふくしじぎょうだん","3120105004880","大阪府富田林市","大字甘南備２１６番地","0721-34-2180","0721-34-2121","https://www.sfj-osaka.net/","医療型障害児入所施設","すくよか","すくよか","2754900054","大阪府富田林市","大字甘南備216","0721-34-2201","0721-34-2205","https://www.sfj-osaka.net/06sukuyoka/",34.45372099,135.59669186,"","","","",,,105
"28100","A0000095450","神戸市","社会福祉法人　芳友","しゃかいふくしほうじんほうゆう","9140005003612","兵庫県神戸市北区","しあわせの村1番9号","078-743-2525","078-743-2050","http://www.nikonikohouse.or.jp/","医療型障害児入所施設","神戸医療福祉センターひだまり","こうべいりょうふくしせんたーひだまり","2855100182","兵庫県神戸市中央区","日暮通５丁目５番８号","078-862-1939","078-862-1953",,34.69839556,135.20325731,"","","","",,,
"28100","E0000130230","神戸市","社会福祉法人　芳友","しゃかいふくしほうじんほうゆう","9140005003612","兵庫県神戸市北区","しあわせの村1番9号","078-743-2525","078-743-2050","http://www.nikonikohouse.or.jp/","医療型障害児入所施設","にこにこハウス医療福祉センター","にこにこはうすいりょうふくしせんたー","2855000036","兵庫県神戸市北区","しあわせの村１番９号","078-743-2525","078-743-2050",,34.70560746,135.11084829,"","","","",,,85
"28000","A0000010056","兵庫県","社会医療法人財団聖フランシスコ会","しゃかいいりょうほうじんざいだんせいふらんしすこかい",,"兵庫県姫路市","仁豊野６５０","079-265-5111","079-265-5001","http://www.himemaria.or.jp","医療型障害児入所施設","姫路聖マリア病院","ひめじせいまりあびょういん","2854001365","兵庫県姫路市","仁豊野６５０","079-265-5161","079-265-5162","http://www.himemaria.or.jp/maria/",34.87872807,134.73219847,"","","","",,,80
"28000","A0000009581","兵庫県","社会福祉法人甲山福祉センター","しゃかいふくしほうじんかぶとやまふくしせんたー","9140005015830","兵庫県西宮市","甲山町５３","0798-71-9219","0798-71-9001","http://kabuto294.jp/","医療型障害児入所施設","西宮すなご医療福祉センター","にしのみやすなごいりょうふくしせんたー","2850900057","兵庫県西宮市","武庫川町２番９号","0798-47-4477","0798-43-1022","https://www.sunago.or.jp/",34.71872594,135.38054804,"","","","",,,182
"28000","A0000010379","兵庫県","独立行政法人国立病院機構兵庫あおの病院","どくりつぎょうせいほうじんこくりつびょういんきこうひょうごあおのびょういん","1013205001281","兵庫県小野市","市場町926番地の453","0794-62-5533","0794-62-5757",,"医療型障害児入所施設","独立行政法人国立病院機構兵庫あおの病院","どくりつぎょうせいほうじんこくりつびょういんきこうひょうごあおのびょういん","2851900015","兵庫県小野市","市場町９２６番地の４５３","0794-62-5533","0794-62-5757",,34.82941753,134.95191916,"","","","",,,
"28000","A0000009596","兵庫県","独立行政法人国立病院機構兵庫中央病院","どくりつぎょうせいほうじんこくりつびょういんきこうひょうごちゅうおうびょういん","1013205001281","兵庫県三田市","大原1314","079-563-2121","079-564-4626","http://www.hyogo-chuo-hosp.jp/","医療型障害児入所施設","独立行政法人国立病院機構兵庫中央病院","どくりつぎょうせいほうじんこくりつびょういんきこうひょうごちゅうおうびょういん","2851200036","兵庫県三田市","大原１３１４","079-563-2121","079-564-4626",,34.90743051,135.23074772,"","","","",,,50
"28000","A0000009607","兵庫県","独立行政法人国立病院機構兵庫中央病院","どくりつぎょうせいほうじんこくりつびょういんきこうひょうごちゅうおうびょういん","1013205001281","兵庫県三田市","大原1314","079-563-2121","079-564-4626","http://www.hyogo-chuo-hosp.jp/","医療型障害児入所施設","独立行政法人国立病院機構兵庫中央病院","どくりつぎょうせいほうじんこくりつびょういんきこうひょうごちゅうおうびょういん","2851200044","兵庫県三田市","大原１３１４","079-563-2121","079-564-4626",,34.90743051,135.23074772,"","","","",,,60
"28000","A0000010396","兵庫県","社会福祉法人　養徳会","しゃかいふくしほうじんようとくかい","6140005016880","兵庫県多可郡多可町","中区鍛冶屋636-2社会福祉法人養徳会本部","0795-32-2216","0795-32-2720","http://www.youtokukai.or.jp","医療型障害児入所施設","医療福祉センターきずな","いりょうふくしせんたーきずな","2852600010","兵庫県加西市","若井町字猪野83-31","0790-44-2881","0790-44-2929","http://www.youtokukai.or.jp",34.92793590,134.84162450,"","","","",,,80
"28000","A0000010400","兵庫県","社会福祉法人　養徳会","しゃかいふくしほうじんようとくかい","6140005016880","兵庫県多可郡多可町","中区鍛冶屋636-2社会福祉法人養徳会本部","0795-32-2216","0795-32-2720","http://www.youtokukai.or.jp","医療型障害児入所施設","医療福祉センターのぎく","いりょうふくしせんたーのぎく","2852700026","兵庫県多可郡多可町","中区牧野字国木谷１８３−１医療福祉センターのぎく","0795-32-3246","0795-32-0473","http://www.youtokukai.or.jp",35.05020960,134.92328060,"","","","",,,60
"29000","E0000134086","奈良県","社会福祉法人バルツァ事業会","しゃかいふくしほうじんばるつあじぎょうかい",,"奈良県奈良市","鹿野園町１０００−１","0742-21-7111","0742-21-7112",,"医療型障害児入所施設","バルツァ・ゴーデル","ばるつあごーでる","2950151015","奈良県奈良市","鹿野園町１０００−１","0742-21-7111","0742-21-7112",,34.66565619,135.84961332,"","","","",,,
"29000","E0000134087","奈良県","社会福祉法人東大寺福祉事業団","しゃかいふくしほうじんとうだいじふくしじぎょうだん","3150005000663","奈良県奈良市","雑司町４０６−１","0742-22-5577","0742-23-0198","https://twf.or.jp/","医療型障害児入所施設","東大寺光明園","とうだいじこうみょうえん","2950151023","奈良県奈良市","雑司町４０６−１","0742-22-5577","0742-23-0198","https://twf.or.jp/",34.68692588,135.83924961,"","","","",,,73
"29000","E0000134088","奈良県","独立行政法人国立病院機構奈良医療センター","どくりつぎょうせいほうじんこくりつびょういんきこうならいりょうせんたー","1013205001281","奈良県奈良市","七条独立行政法人国立病院機構奈良医療センター","0742-45-4591","0742-48-3512","http://www.nho-nara.jp/","医療型障害児入所施設","独立行政法人国立病院機構奈良医療センター","どくりつぎょうせいほうじんこくりつびょういんきこうならいりょうせんたー","2950152013","奈良県奈良市","七条２丁目７８９番地","0742-45-4591","0742-48-3512","http://www.nho-nara.jp/",34.66491045,135.77581924,"","","","",,,100
"29000","E0000134167","奈良県","独立行政法人国立病院機構やまと精神医療センター","どくりつぎょうせいほうじんこくりつびょういんきこうやまとせいしんいりょうせんたー","1013205001281","奈良県大和郡山市","小泉町2815","0743-52-3081","0743-52-8879","https://yamato.hosp.go.jp","医療型障害児入所施設","独立行政法人国立病院機構やまと精神医療センター","どくりつぎょうせいほうじんこくりつびょういんきこうやまとせいしんいりょうせんたー","2950252029","奈良県大和郡山市","小泉町２８１５番地","0743-52-3081","0743-52-8879",,34.63164898,135.74953030,"","","","","","",
"30000","A0000014949","和歌山県","社会福祉法人和歌山つくし会","しゃかいふくしほうじんわかやまつくしかい","1170005001281","和歌山県和歌山市","吉礼字八ツ井４８６番地１本部","0736-69-1772","0736-69-5251","http://wa-tukusi.jp/","医療型障害児入所施設","社会福祉法人和歌山つくし会医療型障害児入所施設つくし医療・福祉センター","しゃかいふくしほうじんわかやまつくしかいいりょうがたしょうがいじにゅうしょしせつつくしいりょうふくしせんたー","3051600017","和歌山県岩出市","中迫665つくし医療・福祉センター","0736624121","0736628185","http://wa-tukusi.jp/",34.26756804,135.31663345,"","","","",,,136
"30000","A0000014939","和歌山県","社会福祉法人愛徳園","しゃかいふくしほうじんあいとくえん","8170005001275","和歌山県和歌山市","今福三丁目5−41","073-425-2391","073-426-1044","http://atioku.or.jp/","医療型障害児入所施設","愛徳整肢園","あいとくせいしえん","3052100017","和歌山県和歌山市","今福三丁目５−４１","0734252391","0734261044","http://aitoku.or.jp/",34.21150733,135.16334187,"","","","",,,17
"30000","A0000014944","和歌山県","社会福祉法人愛徳園","しゃかいふくしほうじんあいとくえん","8170005001275","和歌山県和歌山市","今福三丁目5−41","073-425-2391","073-426-1044","http://atioku.or.jp/","医療型障害児入所施設","めぐみの園","めぐみのその","3052100025","和歌山県和歌山市","今福三丁目５−４１","0734252391","0734261044",,34.21150733,135.16334187,"","","","",,,40
"30000","A0000014935","和歌山県","社会福祉法人和歌山県福祉事業団","しゃかいふくしほうじんわかやまけんふくしじぎょうだん","1170005004004","和歌山県西牟婁郡上富田町","岩田2456−1本部","0739-47-6640","0739-47-6645","https://www.wfj.or.jp","医療型障害児入所施設","南紀医療福祉センター","なんきいりょうふくしせんたー","3052400037","和歌山県西牟婁郡上富田町","岩田1776−1","0739472175","0739472176","https://www.wfj.or.jp",33.70835017,135.44405603,"","","","",,,60
"31000","E0000040352","鳥取県","独立行政法人　国立病院機構鳥取医療センター","どくりつぎょうせいほうじんこくりつびょういんきこうとっとりいりょうせんたー","1013205001281","鳥取県鳥取市","三津８７６番地鳥取県鳥取市三津８７６番地","0857-59-1111","0857-59-1589","https://tottori.hosp.go.jp/","医療型障害児入所施設","独立行政法人国立病院機構鳥取医療センター","とっとりいりょうせんたー","3150100042","鳥取県鳥取市","三津８７６鳥取県鳥取市三津８７６番地","0857-59-0892","0857-59-1589","https://tottori.hosp.go.jp/",35.52168874,134.14932920,"","","","",,,160
"31000","E0000040383","鳥取県","鳥取県","とっとりけん","7000020310000","鳥取県鳥取市","東町１丁目２２０","0857-26-7151","0857-26-8136","https://www.pref.tottori.lg.jp/","医療型障害児入所施設","鳥取県立総合療育センター","とっとりけんりつそうごうりょういくせんたー","3150200016","鳥取県米子市","上福原７丁目１３−３","0859-38-2155","0859-38-2156","https://www.pref.tottori.lg.jp/sogoryoikucenter/",35.45646599,133.35406458,"","","","",,,50
"32000","E0000136763","島根県","社会福祉法人島根整肢学園","しゃかいふくしほうじんしまねせいしがくえん","1280005004463","島根県江津市","渡津町１９２６","0855-52-2442","0855-52-0344","http://www.sw-shimasei.or.jp/","医療型障害児入所施設","松江整肢学園","まつえせいしがくえん","3250100025","島根県松江市","東生馬町１５−１","0852-36-8011","0852-36-8992","http://www.sw-shimasei.jp/",35.49455539,133.03045359,"","","","",,,90
"32000","E0000136840","島根県","社会福祉法人島根整肢学園","しゃかいふくしほうじんしまねせいしがくえん","1280005004463","島根県江津市","渡津町１９２６","0855-52-2442","0855-52-0344","http://www.sw-shimasei.or.jp/","医療型障害児入所施設","島根整肢学園","しまねせいしがくえん","3250600016","島根県江津市","渡津町１９２６","0855-52-2442","0855-52-0344","http://www.sw-shimasei.or.jp/",35.02640692,132.23777569,"","","","",,,100
"33100","E0000041254","岡山市","社会福祉法人旭川荘","しゃかいふくしほうじんあさひがわそう","2260005001800","岡山県岡山市北区","祇園866番地","086-275-0131","086-275-5640","https://www.asahigawasou.or.jp/","医療型障害児入所施設","旭川療育園","あさひかわりょういくえん","3350100115","岡山県岡山市北区","祇園８６６","086-275-8555","086-275-5353","http://www.jidouin.jp",34.70827353,133.95761688,"","","","",,,53
"33100","E0000041255","岡山市","社会福祉法人旭川荘","しゃかいふくしほうじんあさひがわそう","2260005001800","岡山県岡山市北区","祇園866番地","086-275-0131","086-275-5640","https://www.asahigawasou.or.jp/","医療型障害児入所施設","旭川児童院","あさひかわじどういん","3350100149","岡山県岡山市北区","祇園８６６番地","086-275-8555","086-275-5353","http://www.jidouin.jp",34.70827353,133.95761688,"","","","",,,369
"38000","E0000048508","愛媛県","社会福祉法人　旭川荘","しゃかいふくしほうじんあさひがわそう","2260005001800","岡山県岡山市北区","祇園８６６番地","086-275-0131","086-275-5640","http://www.asahigawasou.or.jp/index.html","医療型障害児入所施設","南愛媛療育センター","みなみえひめりょういくせんたー","3853900011","愛媛県北宇和郡鬼北町","大字永野市１６０７番地","0895-45-1101","0895-45-3326","http://www.asahigawasou.or.jp/minamiehime/index.html",33.25079693,132.69053045,"","","","",,,80
"34000","A0000001938","広島県","広島県","ひろしまけん",,"広島県広島市中区","基町１０番５２号","0825133158","0822233611","","医療型障害児入所施設","若草園","わかくさえん","3452500022","広島県東広島市","西条町田口２９５−３","082-425-1455","082-425-1094",,34.39311075,132.72457891,"","","","",,,62
"34000","A0000001962","広島県","広島県","ひろしまけん",,"広島県広島市中区","基町１０番５２号","0825133158","0822233611","","医療型障害児入所施設","若草療育園","わかくさりょういくえん","3452500048","広島県東広島市","西条町田口２９５−３","0824251455","0824251094",,34.39311075,132.72457891,"","","","",,,53
"34000","A0000001965","広島県","広島県","ひろしまけん",,"広島県広島市中区","基町１０番５２号","0825133158","0822233611","","医療型障害児入所施設","わかば療育園","わかばりょういくえん","3452500055","広島県東広島市","八本松町米満１９８−１","082-428-6671","082-428-6670",,34.44759670,132.72079141,"","","","",,,50
"34000","A0000001970","広島県","広島県","ひろしまけん",,"広島県広島市中区","基町１０番５２号","0825133158","0822233611","","医療型障害児入所施設","福山若草療育園","ふくやまわかくさりょういくえん","3451500072","広島県福山市","水呑町4357番地　水呑三新田42-1","084-968-0230","084-956-1131",,34.44868041,133.38559568,"","","","",,,54
"14130","A0000013828","川崎市","三篠会","みささかい","8240005001615","広島県広島市安佐北区","小河原町1281番地-","082-840-3660","082-840-3661","http://www.misasakai.or.jp/","医療型障害児入所施設","重症児・者福祉医療施設ソレイユ川崎","じゅうしょうじしゃふくしいりょうしせつそれいゆかわさき","1455600021","神奈川県川崎市麻生区","細山１２０３番地","044-959-3003","044-954-5581","http://www.misasakai.or.jp/shisetsu/soleilkawasaki.php",35.62177946,139.50687053,"","","","",,,100
"27140","E0000122678","堺市","社会福祉法人　三篠会","しゃかいふくしほうじんみささかい","8240005001615","広島県広島市安佐北区","小河原町1281番地","082-840-3660","082-840-3661","http://www.misasakai.or.jp","医療型障害児入所施設","堺市立重症心身障害者（児）支援センター　ベルデさかい","さかいしりつじゅうしょうしんしんしょうがいしゃじしえんせんたーべるでさかい","2756000010","大阪府堺市堺区","旭ヶ丘中町４丁３番１号","072-275-8510","072-243-5900",,34.55772148,135.47639294,"","","","","","",
"34000","A0000005513","広島県","社会福祉法人三篠会","しゃかいふくしほうじんみささかい","8240005001615","広島県広島市安佐北区","白木町小河原1281番地","082-840-3660",,"http://www.misasakai.or.jp/","医療型障害児入所施設","重症児・者福祉医療施設　原","じゅうしょうじしゃふくしいりょうしせつはら","3452700010","広島県廿日市市","原９２６−１","0829-38-3333","0829-38-6161",,34.36872999,132.29998552,"","","","",,,53
"34100","A0000016806","広島市","社会福祉法人　三篠会","しゃかいふくしほうじんみささかい","8240005001615","広島県広島市安佐北区","小河原町1281番地社会福祉法人　三篠会","082-840-3660","082-840-3661","http://www.misasakai.or.jp/","医療型障害児入所施設","重症児・者福祉医療施設　鈴が峰","じゅうしょうじしゃふくしいりょうしせつすずがみね","3450206838","広島県広島市佐伯区","広島市佐伯区五日市町皆賀104番地27重症児･者福祉医療施設　鈴が峰","082-943-8888","082-943-7788","http://www.misasakai.or.jp",34.38180467,132.37234699,"","","","",,,100
"34000","A0000005390","広島県","社会福祉法人　ともえ会","しゃかいふくしほうじんともえかい","6240005004611","広島県三次市","粟屋町11664番地","0824-62-1210","0824-63-3862","https://tomoekai-miyoshi.jp/","医療型障害児入所施設","子鹿医療療育センター","こじかいりょうりょういくせんたー","3451900017","広島県三次市","粟屋町11664番地","0824-63-1151","0824-62-1933","https://tomoekai-miyoshi.jp/tomoekaigroup/kojikamrc/",34.80565070,132.85184030,"","","","",,,80
"34000","A0000005909","広島県","独立行政法人国立病院機構広島西医療センター","どくりつぎょうせいほうじんこくりつびょういんきこうひろしまにしいりょうせんたー","1013205001281","広島県大竹市","玖波4丁目1-1","0827-57-7151","0827-57-3681","http://www.hiro-nishi-nh.jp","医療型障害児入所施設","独立行政法人国立病院機構広島西医療センター（肢体）","どくりつぎょうせいほうじんこくりつびょういんきこうひろしまにしいりょうせんたーしたい","3452300027","広島県大竹市","玖波四丁目１−１","0827-57-7151","0827-57-3681","http://www.hiro-nishi-nh.jp",34.25109464,132.22394977,"","","","",,,
"34000","A0000005917","広島県","独立行政法人国立病院機構広島西医療センター","どくりつぎょうせいほうじんこくりつびょういんきこうひろしまにしいりょうせんたー","1013205001281","広島県大竹市","玖波4丁目1-1","0827-57-7151","0827-57-3681","http://www.hiro-nishi-nh.jp","医療型障害児入所施設","独立行政法人国立病院機構広島西医療センター（重心）","どくりつぎょうせいほうじんこくりつびょういんきこうひろしまにしいりょうせんたーじゅうしん","3452300019","広島県大竹市","玖波四丁目1-1","0827-57-7151","0827-57-3681","http://www.hiro-nishi-nh.jp",34.25109464,132.22394977,"","","","",,,8
"34000","A0000005483","広島県","社会福祉法人　広島県リハビリテーション協会","しゃかいふくしほうじんひろしまけんりはびりてーしょんきょうかい","6240005003613","広島県東広島市","八本松町原５９４６ー７ときわ台ホーム内","082-420-9200","082-420-9202","http://www.tokiwadaihome.or.jp/","医療型障害児入所施設","ときわ呉","ときわくれ","3450500024","広島県呉市","宮原十三丁目２−１２ときわ呉","0823-32-3777","0823-32-3770","http://www.tokiwadaihome.or.jp/tokiwakure/",34.22099323,132.55173942,"","","","",,,54
"34000","A0000005913","広島県","独立行政法人国立病院機構賀茂精神医療センター","どくりつぎょうせいほうじんこくりつびょういんきこうかもせいしんいりょうせんたー","1013205001281","広島県東広島市","黒瀬町南方92番地","0823-82-3000","0823-82-7352","https://kamo.hosp.go.jp/","医療型障害児入所施設","独立行政法人国立病院機構賀茂精神医療センター","どくりつぎょうせいほうじんこくりつびょういんきこうかもせいしんいりょうせんたー","3452500063","広島県東広島市","黒瀬町南方92","0823-82-3000","0823-82-7352","http://www.hosp.go.jp/~kamo",34.34506332,132.69949962,"","","","",,,100
"35000","E0000045980","山口県","社会福祉法人鼓ヶ浦整肢学園","しゃかいふくしほうじんつつみがうらせいしがくえん","6250005005146","山口県周南市","大字久米752番地4","0834-29-1430","0834-29-5015","https://tsudumi.jp/","医療型障害児入所施設","鼓ヶ浦こばと園","つつみがうらこばとえん","3556300063","山口県周南市","大字久米752番地4","0834-29-1430","0834-29-5015","https://tsudumi.jp",34.03785179,131.84893243,"","","","",,,100
"28100","A0000079872","神戸市","社会福祉法人平成記念会","しゃかいふくしほうじんへいせいきねんかい","1480005000005","徳島県徳島市","勝占町松成４６","088-669-2228","088-669-2477",,"医療型障害児入所施設","サポートハウス ココロネ住吉","さぽーとはうすこころねすみよし","2850100286","兵庫県神戸市東灘区","住吉山手７丁目１番１号","078-858-7557","078-277-0289","https://sumiyoshi.cocorone.space/",34.73296201,135.25360507,"","","","",,,100
"36000","A0000016768","徳島県","日本赤十字社徳島県支部","にっぽんせきじゅうじしゃとくしまけんしぶ","6010405002452","徳島県徳島市","庄町３丁目１２−１","088-631-6000","088-631-6100","https://www.tokushima.jrc.or.jp/","医療型障害児入所施設","徳島赤十字ひのみね総合療育センター","とくしませきじゅうじひのみねそうごうりょういくせんたー","3650300019","徳島県小松島市","中田町字新開４−１","0885-32-0903","0885-33-3037","http://www.hinomine-mrc.jp/",34.01586726,134.58285395,"","","","",,,140
"36000","E0000139952","徳島県","独立行政法人国立病院機構徳島病院","どくりつぎょうせいほうじんこくりつびょういんきこうとくしまびょういん","1013205001281","徳島県吉野川市","鴨島町敷地１３５４番地","0883-24-2161","0883-24-8661","https://tokushima.hosp.go.jp/","医療型障害児入所施設","独立行政法人国立病院機構徳島病院","どくりつぎょうせいほうじんこくりつびょういんきこうとくしまびょういん","3671700072","徳島県吉野川市","鴨島町敷地１３５４番地","0883-24-2161","0883-24-8661",,34.05628595,134.33956599,"","","","","","",
"36000","E0000139842","徳島県","独立行政法人国立病院機構　東徳島医療センター","どくりつぎょうせいほうじんこくりつびょういんきこうひがしとくしまいりょうせんたー","1013205001281","徳島県板野郡板野町","大寺字大向北１番地１","088-672-1171","088-672-3809","http://www.etokushima-mc.jp/","医療型障害児入所施設","独立行政法人国立病院機構東徳島医療センター","どくりつぎょうせいほうじんこくりつびょういんきこうひがしとくしまい","3651500013","徳島県板野郡板野町","大寺字大向北１−１","088-672-1171","088-672-3809","http://www.etokushima-mc.jp/",34.13678997,134.46845861,"","","","",,,156
"37000","E0000046473","香川県","社会福祉法人かがわ総合リハビリテーション事業団","しゃかいふくしほうじんかがわそうごうりはびりてーしょんじぎょうだん","3470005000656","香川県高松市","田村町１１１４","087-867-6008","087-865-3915","http://www.kagawa-reha.net/","医療型障害児入所施設","かがわ総合リハビリテーションこども支援施設","かがわそうごうりはびりてーしょんこどもしえんしせつ","3752000038","香川県高松市","田村町１１１４番地","087-867-6008","087-865-3915","http://www.kagawa-reha.net/",34.30694905,134.03080676,"","","","",,,25
"38000","E0000048497","愛媛県","愛媛県","えひめけん","1000020380008","愛媛県松山市","一番町四丁目４番地２","089-941-2111",,"https://www.pref.ehime.jp/index.html","医療型障害児入所施設","愛媛県立子ども療育センター（肢体）","えひめけんりつこどもりょういくせんたーしたい","3851500011","愛媛県東温市","田窪２１３５番地","089-955-5533","089-955-5546","https://www.pref.ehime.jp/h20123/kodomo-ryoiku/index.html",33.79447787,132.86946287,"","","","",,,40
"38000","E0000048498","愛媛県","愛媛県","えひめけん","1000020380008","愛媛県松山市","一番町四丁目４番地２","089-941-2111",,"https://www.pref.ehime.jp/index.html","医療型障害児入所施設","愛媛県立子ども療育センター（重心）","えひめけんりつこどもりょういくせんたーじゅうしん","3851500011","愛媛県東温市","田窪２１３５番地","089-955-5533","089-955-5546","https://www.pref.ehime.jp/h20123/kodomo-ryoiku/index.html",33.79447787,132.86946287,"","","","",,,40
"39000","E0000049564","高知県","独立行政法人国立病院機構高知病院","どくりつぎょうせいほうじんこくりつびょういんきこうこうちびょういん",,"高知県高知市","朝倉西町１丁目２番２５号","088-844-3111","088-828-4664",,"医療型障害児入所施設","独立行政法人国立病院機構高知病院","どくりつぎょうせいほうじんこくりつびょういんきこうこうちびょういん","3950100010","高知県高知市","朝倉西町１−２−２５","088-844-3111","088-828-4664",,33.54282584,133.48423396,"","","","","","",
"39000","E0000049622","高知県","社会福祉法人　土佐希望の家","しゃかいふくしほうじんとさきぼうのいえ","4490005004704","高知県南国市","小籠１０７番地","088-863-2131","088-863-2133","http://www.tosakibou.jp/","医療型障害児入所施設","土佐希望の家　医療福祉センター（障害児入所）","とさきぼうのいえいりょうふくしせんんたーしょうがいじにゅうしょ","3950400014","高知県南国市","小籠１０７","088-863-2131","088-863-2133","http://www.tosakibou.jp/",33.58265014,133.63335199,"","","","",,,142
"39000","A0000081776","高知県","社会福祉法人　土佐希望の家","しゃかいふくしほうじんとさきぼうのいえ","4490005004704","高知県南国市","小籠107番地土佐希望の家医療福祉センター","088-863-2131","088-863-2133","http://www.hatakibou.jp/","医療型障害児入所施設","幡多希望の家医療福祉センター（医療型障害児入所施設）","はたきぼうのいえいりょうふくしせんたー","3950800056","高知県宿毛市","平田町中山867番地","0880-66-2212","0880-66-2215","http://www.hatakibou.jp/",32.96102691,132.78168582,"","","","",,,51
"40100","E0000144964","北九州市","社会福祉法人杏和会","しゃかいふくしほうじんきょうわかい","2290805000494","福岡県北九州市小倉南区","大字木下608番地","093-451-6262","093-451-5548","http://yamabiko-g.or.jp/","医療型障害児入所施設","社会福祉法人杏和会　やまびこ学園","しゃかいふくしほうじんきょうわかい","4057703243","福岡県北九州市小倉南区","大字木下６０８番地","093-451-6262","093-451-5548","http://yamabiko-g.or.jp",33.77773469,130.86214767,"","","","",,,100
"40100","E0000144943","北九州市","社会福祉法人　北九州市福祉事業団","しゃかいふくしほうじんきたきゅうしゅうしふくしじぎょうだん","8290805003987","福岡県北九州市八幡東区","中央二丁目１−１","093-682-0001","093-682-0006","http://www.kitafj.or.jp/","医療型障害児入所施設","北九州市立総合療育センター　足立園","きたきゅうしゅうしりつそうごうりょういくせんたーあだちえん","4057702120","福岡県北九州市小倉南区","春ヶ丘１０番４号","093-922-5596","093-952-2713","http://www.kitaq-src.jp",33.84986570,130.88532138,"","","","",,,99
"40100","A0000004265","北九州市","社会福祉法人　絆の会","しゃかいふくしほうじんきずなのかい","4290805008255","福岡県北九州市八幡西区","真名子二丁目２番１２号なし","093-618-7566","093-618-7766","http://www.kizunanokai.jp/","医療型障害児入所施設","医療型障害児入所施設　ひなた家","いりょうがたしょうがいじにゅうしょしせつひなたや","4056715214","福岡県北九州市八幡西区","真名子二丁目２番１２号","093-618-7566","093-618-7766","http://www.kizunanokai.jp/",33.78595602,130.72942835,"","","","",,,42
"40130","A0000041107","福岡市","社会福祉法人　あきの会","しゃかいふくしほうじんあきのかい","9290805001197","福岡県福岡市博多区","千代１丁目15-10","092-651-7325","092-651-2420","http://akinokai.jp/","医療型障害児入所施設","医療型障害児入所施設　虹の家","いりょうがたしょうがいじにゅうしょしせつにじのいえ","4050190000","福岡県福岡市博多区","千代１丁目15-10","092-651-7325","092-651-2420","http://akinokai.jp/",33.60100637,130.41625575,"","","","",,,52
"40000","A0000007354","福岡県","福岡県","ふくおかけん","6000020400009","福岡県福岡市博多区","東公園７番７号福岡県庁","092-962-2231","092-962-3113","http://www.pref.fukuoka.lg.jp/contents/syo-kai.html","医療型障害児入所施設","福岡県こども療育センター新光園","ふくおかけんこどもりょういくせんたーしんこうえん","4050401712","福岡県糟屋郡新宮町","緑ケ浜4‐2‐1福岡県こども療育センター新光園","0929622231","09296231132","http://www.pref.fukuoka.lg.jp/contents/syo-kai.html",33.71214219,130.44575754,"","","","",,,30
"40130","E0000146693","福岡市","独立行政法人国立病院機構福岡病院","どくりつぎょうせいほうじんこくりつびょういんきこうふくおかびょういん","1013205001281","福岡県福岡市南区","屋形原４−３９−１独立行政法人国立病院機構福岡病院","092-565-5534","092-566-0702","https://fukuoka.hosp.go.jp/","医療型障害児入所施設","独立行政法人国立病院機構福岡病院","どくりつぎょうせいほうじんこくりつびょういんきこうふくおかびょういん","4051201913","福岡県福岡市南区","屋形原四丁目３９番１号独立行政法人国立病院機構福岡病院","092-565-5534","092-566-0702","http://www.fukuoka-nh.jp/",33.53311330,130.40864132,"","","","",,,15
"40000","A0000002041","福岡県","社会福祉法人　ゆうかり学園","しゃかいふくしほうじんゆうかりがくえん","3290005010657","福岡県久留米市","田主丸町中尾1274番地1","0943-73-0152","0943-73-0524","http://www.yuukari.or.jp","医療型障害児入所施設","ゆうかり医療療育センター","ゆうかりいりょうりょういくせんたー","4052701721","福岡県久留米市","田主丸町中尾１２７４−１","0943-73-0152","0943-73-0524","http://www.yuukari.or.jp",33.33065927,130.64519785,"","","","",,,150
"40000","A0000052581","福岡県","社会福祉法人　高邦福祉会","しゃかいふくしほうじんこうほうふくしかい",,"福岡県柳川市","三橋町棚町218番地1柳川療育センター","0944-73-0039","0944-73-0059","http://yrc.kouhoukai.org			","医療型障害児入所施設","柳川療育センター","やながわりょういくせんたー","4054302148","福岡県柳川市","三橋町棚町218番地1","0944-73-0039","0944-73-0059","http://yrc.kouhoukai.org",33.15257167,130.44577484,"","","","",,,110
"40000","A0000015387","福岡県","社会福祉法人　慈愛会","しゃかいふくしほうじんじあいかい","5290005010580","福岡県三井郡大刀洗町","山隈374番地の1","0942-77-1393","0942-77-1190","http://www.jiaikai-fuk.or.jp/","医療型障害児入所施設","医療福祉センター聖ヨゼフ園","いりょうふくしせんたーせいよぜふえん","4053202018","福岡県三井郡大刀洗町","山隈374-1","0942-77-1393","0942-77-1190","http://www.jiaikai-fuk.or.jp",33.40884826,130.61010510,"","","","",,,120
"41000","E0000148167","佐賀県","社会福祉法人佐賀整肢学園","しゃかいふくしほうじんさがせいしがくえん","9300005000205","佐賀県佐賀市","金立町金立２２１５番地２７","0952-98-2211","0952-98-3391","http://www.saganet.ne.jp/saseishi/","医療型障害児入所施設","佐賀整肢学園こども発達医療センター　ひまわり園","さがせいしがくえんこどもはったついりょうせんたーひまわりえん","4150110023","佐賀県佐賀市","金立町金立２２１５−２７","0952-98-2211","0952-98-3391","http://www.saganet.ne.jp/saseishi/",33.31532441,130.29955022,"","","","",,,170
"41000","E0000148180","佐賀県","社会福祉法人佐賀整肢学園","しゃかいふくしほうじんさがせいしがくえん","9300005000205","佐賀県佐賀市","金立町金立２２１５番地２７","0952-98-2211","0952-98-3391","http://www.saganet.ne.jp/saseishi/","医療型障害児入所施設","からつ医療福祉センター・アルトン","からついりょうふくしせんたーあるとん","4150210013","佐賀県唐津市","双水２８０６","0955-70-3580","0955-78-0683","https://skjim4.wixsite.com/karatu-center",33.39657134,129.98493796,"","","","",,,45
"44000","A0000008874","大分県","社会福祉法人　聖母の騎士会","しゃかいふくしほうじんせいぼのきしかい","3300005002743","佐賀県佐賀市","大和町大字久池井１５２１番２　","0952-62-8325","0952-62-1943","http://www.seibonokishikai.or.jp","医療型障害児入所施設","恵の聖母の家","めぐみのせいぼのいえ","4450600020","大分県臼杵市","野津町都原3601-2","0974-32-7770","0974-32-7771","http://www.meguminoseibo.jp",33.05812269,131.69280143,"","","","",,,74
"41000","A0000009114","佐賀県","社会福祉法人若楠","しゃかいふくしほうじんわかくす","1300005004758","佐賀県鳥栖市","弥生が丘二丁目１３４番地１　","0942-83-1121","0942-83-1755","https://www.wakakusu-swc.or.jp/","医療型障害児入所施設","若楠療育園","わかくすりょういくえん","4151110014","佐賀県鳥栖市","弥生が丘二丁目１３４番地１","0942-83-1121","0942-83-1755","http://www.wakakusu-swc.or.jp",33.40535001,130.52380667,"","","","",,,80
"42000","A0000018907","長崎県","長崎県","ながさきけん","4000020420000","長崎県長崎市","尾上町３番１号","095-824-1111",,"https://www.pref.nagasaki.jp/","医療型障害児入所施設","長崎県立こども医療福祉センター","ながさきけんりつこどもいりょうふくしせんたー","4250450105","長崎県諫早市","永昌東町24番3号","0957-22-1300","0957-23-2614","https://www.pref.nagasaki.jp/section/kodomo-iryo-c/",32.85642524,130.04193151,"","","","",,,60
"42000","A0000005339","長崎県","社会福祉法人　聖家族会","しゃかいふくしほうじんせいかぞくかい","3310005004391","長崎県諫早市","小長井町遠竹２７２７番地３厚生福祉研修会館　２階","0957-34-4520","0957-34-4521","http://www.misakae.or.jp/","医療型障害児入所施設","みさかえの園総合発達医療福祉センターむつみの家","みさかえのそのそうごうはったついりょうふくしせんたーむつみのいえ","4250450022","長崎県諫早市","小長井町牧570番地1","0957-34-3113","0957-34-3526","http://www.misakae.or.jp/mutsumi/",32.92414718,130.17082791,"","","","",,,170
"42000","A0000025467","長崎県","社会福祉法人　聖家族会","しゃかいふくしほうじんせいかぞくかい","3310005004391","長崎県諫早市","小長井町遠竹２７２７番地３厚生福祉研修会館　２階","0957-34-4520","0957-34-4521","http://www.misakae.or.jp/","医療型障害児入所施設","みさかえの園あゆみの家","みさかえのそのあゆみのいえ","4250500438","長崎県大村市","久原2丁目1346-1","0957-27-3115","0957-46-3453","http://www.misakae.or.jp/",32.89453477,129.97738135,"","","","",,,110
"42000","A0000012136","長崎県","社会福祉法人　幸生会","しゃかいふくしほうじんこうせいかい","7310005004405","長崎県諫早市","有喜町537番地2","0957-28-3131","0957-28-2037","http://www.koseikai.or.jp","医療型障害児入所施設","医療型障害児入所施設　諫早療育センター","いりょうがたしょうがいじにゅうしょしせついさはやりょういくせんたー","4250450014","長崎県諫早市","有喜町537番地2","0957-28-3131","0957-28-2037","http://www.koseikai.or.jp/isahaya/",32.79338105,130.07746712,"","","","",,,160
"43000","E0000054658","熊本県","熊本県","くまもとけん","7000020430005","熊本県熊本市中央区","水前寺６丁目１８番１号","096-383-1111","096-383-1739","https://www.pref.kumamoto.jp/","医療型障害児入所施設","熊本県こども総合療育センター","くまもとけんこどもそうごうりょういくせんたー","4352700019","熊本県宇城市","松橋町豊福２９００番地","0964-32-1143","0964-32-1179","https://www.pref.kumamoto.jp/soshiki/41/",32.64454995,130.70110275,"","","","",,,60
"43000","E0000054634","熊本県","社会福祉法人志友会","しゃかいふくしほうじんしゆうかい","8330005006464","熊本県葦北郡芦北町","大字芦北２８１３番地くまもと芦北療育医療センター","0966-82-2431","0966-82-2406","http://www.shiyu-kai.or.jp/index.html","医療型障害児入所施設","くまもと芦北療育医療センター","くまもとあしきたりょういくいりょうせんたー","4351900016","熊本県葦北郡芦北町","芦北２８１３くまもと芦北療育医療センター","0966-82-2431","0966-82-2406",,32.29728335,130.49681331,"","","","",,,200
"43100","E0000054656","熊本市","社会福祉法人　志友会","しゃかいふくしほうじんしゆうかい","8330005006464","熊本県葦北郡芦北町","芦北2813番地","0966-82-2431","0966-82-2406","http://www.ezuko.jp/","医療型障害児入所施設","くまもと江津湖療育医療センター","くまもとえづこりょういくいりょうせんたー","4352400057","熊本県熊本市東区","画図町大字重富575","096-370-0501","096-370-0501","http://www.ezuko.jp",32.75931251,130.72928543,"","","","",,,116
"43000","E0000054638","熊本県","社会福祉法人慈永会","しゃかいふくしほうじんじえいかい","1330005006743","熊本県天草郡苓北町","志岐1215番地","0969-35-2211","0969-35-2212","https://www.jieikai.com/","医療型障害児入所施設","はまゆう療育園","はまゆうりょういくえん","4352100012","熊本県天草郡苓北町","志岐1215番地","0969-35-1258","0969-35-2398","https://www.jieikai.com/",32.51341690,130.05471170,"","","","",,,170
"44000","A0000012167","大分県","社会福祉法人別府発達医療センター","しゃかいふくしほうじんべっぷはったついりょうせんたー","9320005002629","大分県別府市","大字鶴見４０７５番地の１　0","0977-22-4185","0977-26-4171","http://beppu-hattatsu.jp/","医療型障害児入所施設","別府整肢園","べっぷせいしえん","4450200037","大分県別府市","鶴見4075-10","0977-22-4185","0977-26-4171","http://beppu-hattatsu.jp",33.29563506,131.47762285,"","","","",,,40
"44000","A0000012168","大分県","社会福祉法人別府発達医療センター","しゃかいふくしほうじんべっぷはったついりょうせんたー","9320005002629","大分県別府市","大字鶴見４０７５番地の１　0","0977-22-4185","0977-26-4171","http://beppu-hattatsu.jp/","医療型障害児入所施設","めじろ園","めじろえん","4450200052","大分県別府市","鶴見4075-10","0977-22-4185","0977-26-4171","http://beppu-hattatsu.jp",33.29563506,131.47762285,"","","","",,,60
"44000","A0000016867","大分県","独立行政法人　国立病院機構西別府病院","どくりつぎょうせいほうじんこくりつびょういんきこうにしべっぷびょういん","1013205001281","大分県別府市","鶴見大字4548番地","0977-24-1221","0977-76-7231","http://www.nbnh.jp/","医療型障害児入所施設","独立行政法人国立病院機構　西別府病院","どくりつぎょうせいほうじんこくりつびょういんきこうにしべっぷびょういん","4450200029","大分県別府市","鶴見4548","0977-24-1221",,,33.29380471,131.47473145,"","","","",,,
"44000","A0000012905","大分県","社会福祉法人　直心会","しゃかいふくしほうじんちょくしんかい","2320005007790","大分県中津市","三光森山８２３番地２","0979-43-6181","0979-43-6182","http://www.chokusin.jp/","医療型障害児入所施設","つくし園","つくしえん","4450300027","大分県中津市","三光森山823番地2","0979-43-6181",,,33.54766091,131.21852546,"","","","",,,
"45000","E0000148701","宮崎県","独立行政法人国立病院機構宮崎東病院","どくりつぎょうせいほうじんこくりつびょういんきこうみやざきひがしびょういん","1013205001281","宮崎県宮崎市","大字田吉4374-1","0985-56-2311","0985-56-2257","http://www.mhigashi1.jp/","医療型障害児入所施設","国立病院機構宮崎東病院","こくりつびょういんきこうみやざきひがしびょういん","0000000000","宮崎県宮崎市","大字田吉４３７４−１","0987-56-2311","0985-56-2257","http://www.mhigashi1.jp/",31.86907167,131.44514857,"","","","",,,50
"45000","E0000148700","宮崎県","宮崎県","みやざきけん","4000020450006","宮崎県宮崎市","橘通東２丁目１０番１号宮崎県障がい福祉課","0985-26-7068","0985-26-7340","http://www.pref.miyazaki.lg.jp/","医療型障害児入所施設","宮崎県立こども療育センター","みやざきけんりつこどもりょういくせんたー","0000000000","宮崎県宮崎市","清武町木原４２５７−８","0985-85-6500","0985-85-6501","http://www.kodomo-ryoiku.pref.miyazaki.lg.jp/index.html",31.83548085,131.40050391,"","","","",,,50
"45000","E0000148699","宮崎県","社会福祉法人愛泉会","しゃかいふくしほうじんあいせんかい","3350005004215","宮崎県日南市","北郷町大藤甲３１８６番地１","0987-23-3131","0987-23-8130","http://www.aisenkai-nichinan.jp/","医療型障害児入所施設","愛泉会日南病院","あいせんかいにちなんびょういん","0000000000","宮崎県日南市","大字風田３６４９−２","0987-23-3131","0987-23-8130","http://www.aisenkai-nichinan.jp/",31.60957373,131.42041624,"","","","",,,126
"45000","E0000148702","宮崎県","独立行政法人国立病院機構宮崎病院","どくりつぎょうせいほうじんこくりつびょういんきこうみやざきびょういん","1013205001281","宮崎県児湯郡川南町","大字川南１９４０３−４","0983-27-1036","0983-27-5033",,"医療型障害児入所施設","国立病院機構宮崎病院","こくりつびょういんきこうみやざきびょういん","0000000000","宮崎県児湯郡川南町","大字川南１９４０３−４","0983-27-1036","0983-27-5033",,32.20242195,131.52881731,"","","","",,,
"46000","E0000152563","鹿児島県","社会福祉法人　向陽会","しゃかいふくしほうじんこうようかい","7340005001399","鹿児島県鹿児島市","皆与志町1779番地","099-238-4861","099-238-4861","http://kouyou.or.jp","医療型障害児入所施設","障害児入所施設　やまびこ医療福祉センター","しょうがいじにゅうしょしせつやまびこいりょうふくしせんたー","4650100078","鹿児島県鹿児島市","皆与志町１７７９","099-238-2755","099-238-6250","http://kouyou.or.jp",31.65574415,130.51649135,"","","","",,,190
"46000","E0000152566","鹿児島県","社会福祉法人たちばな会","しゃかいふくしほうじんたちばなかい","5340005002515","鹿児島県霧島市","福山町福山８３８番地","0995-55-2121","0995-54-7676","http://www.sien-info@sfc-tachibanakai.or.jp/","医療型障害児入所施設","社会福祉法人たちばな会医療福祉センターオレンジ学園","しゃかいふくしほうじんたちばなかいいりょうふくしせんたーおれんじがくえん","4651900013","鹿児島県霧島市","福山町福山838番地","0995552121","0995552151","https://www.sfc-tachibanakai.or.jp/orange",31.65522116,130.82430489,"","","","",,,196
"46000","A0000008213","鹿児島県","独立行政法人国立病院機構南九州病院","どくりつぎょうせいほうじんこくりつびょういんきこうみなみきゅうしゅうびょういん","01320500128  ","鹿児島県姶良市","加治木町木田１８８２　","0995-62-2121","0995-62-0566","http://www.skyusyu.jp/","医療型障害児入所施設","独立行政法人国立病院機構南九州病院","どくりつぎょうせいほうじんこくりつびょういんきこうみなみきゅうしゅうびょういん","4652800014","鹿児島県姶良市","加治木町木田1882","0995622121","0995-62-0566","http://www.skyusyu.jp/",31.73071908,130.64452314,"","","","",,,32
"47000","A0000014619","沖縄県","社会福祉法人　沖縄県社会福祉事業団","しゃかいふくしほうじんおきなわけんしゃかいふくしじぎょうだん","8360005000299","沖縄県那覇市","首里石嶺町4-373-1沖縄県総合福祉センター西棟３階３１１","098-884-3173","098-882-5688","http://www.okinawa-j.jp","医療型障害児入所施設","沖縄療育園","おきなわりょういくえん","4750300156","沖縄県浦添市","経塚714番地","098-877-3478","098-877-6170","https://www.okinawa-j.jp/okinawa_ryouikuen",26.23697492,127.72542341,"","","","",,,100
"47000","A0000096680","沖縄県","社会福祉法人　沖縄肢体不自由児協会","しゃかいふくしほうじんおきなわしたいふじゆうじきょうかい","6360005000301","沖縄県那覇市","寄宮2丁目3番1号寄宮2丁目3番1号","0988325796","","http://www.okishikyo.jp/","医療型障害児入所施設","医療型障害児入所施設　沖縄南部療育医療センター","いりょうがたしょうがいじにゅうしょしせつおきなわなんぶりょういくいりょうせんたー","4750100242","沖縄県那覇市","那覇市医師会","09888323283",,"http://www.okishikyo.jp/nanbu/",26.21231226,127.67915885,"","","","",,,140
