"都道府県コード又は市区町村コード","NO（※システム内の固有の番号、連番）","指定機関名","法人の名称","法人の名称_かな","法人番号","法人住所（市区町村）","法人住所（番地以降）","法人電話番号","法人FAX番号","法人URL","サービス種別","事業所の名称","事業所の名称_かな","事業所番号","事業所住所（市区町村）","事業所住所（番地以降）","事業所電話番号","事業所FAX番号","事業所URL","事業所緯度","事業所経度","利用可能な時間帯（平日）","利用可能な時間帯（土曜）","利用可能な時間帯（日曜）","利用可能な時間帯（祝日）","定休日","利用可能曜日特記事項（留意事項）","定員"
"01100","A0000046006","札幌市","札幌市","さっぽろし","9000020011002","北海道札幌市中央区","北１条西２丁目札幌市役所本庁舎","011-211-2111","","https://www.city.sapporo.jp/","居宅訪問型児童発達支援","居宅訪問型児童発達支援　みかほ","きょたくほうもんがたじどうはったつしえんみかほ","0150202810","北海道札幌市東区","北十七条東５丁目２−１","011-731-5674","011-731-5673","",43.08299855,141.35890766,"09:00-15:00","","","","土、日、祝日",,
"01100","A0000055056","札幌市","特定非営利活動法人ソルウェイズ","とくていひえいりかつどうほうじんそるうぇいず","6430005013015","北海道札幌市中央区","北十条西１９丁目１−１越後屋ビル","011-839-1844","011-839-1844","http://solways.or.jp/","居宅訪問型児童発達支援","居宅訪問型児童発達支援事業所　バンビ","きょたくほうもんがたじどうはったつしえんじぎょうしょばんび","0150700672","北海道札幌市中央区","北１０条西１９丁目１−１　","011-676-4557","011-676-4557","http://solways.or.jp/",43.06987924,141.32433345,"","","","",,,
"01100","A0000026959","札幌市","株式会社　ホーム","かぶしきがいしゃほーむ","1430001074503","北海道札幌市北区","札幌市北区新琴似１条３丁目２番１６号","011-788-7263","011-788-7268",,"居宅訪問型児童発達支援","ｇａｒｄｅｎ","がーでん","0150301059","北海道札幌市東区","伏古１０条２丁目１９番１３号","011-792-5578","011-792-5579",,43.09486196,141.39594802,"09:00-18:00","","","","土曜日、日曜日、祝祭日","８月１３日から８月１６日、１２月３０日から１月３日を除く",
"01100","A0000002787","札幌市","社会福祉法人　麦の子会","しゃかいふくしほうじんむぎのこかい","1430005000612","北海道札幌市東区","北３６条東９丁目2−28","011-788-6626","011-755-6629","http://muginoko.com/","居宅訪問型児童発達支援","居宅訪問型児童発達支援　むぎのこ","きょたくほうもんがたじどうはったつしえんむぎのこ","0150201523","北海道札幌市東区","北３６条東８丁目１−３０","011-753-6468","011-753-6469",,43.10607309,141.35855584,"09:00-17:00","00:00-00:00","00:00-00:00","00:00-00:00","日曜日、国民の休日、年末年始（12月29日〜1月3日）夏季休暇（8月12日〜16",,
"01100","A0000026942","札幌市","合同会社　ペン具","ごうどうかいしゃぺんぐ","4430000300403","北海道札幌市豊平区","美園２条５丁目４番６号","011-841-3779","011-841-3779","http://www.peng.co.jp","居宅訪問型児童発達支援","ペングアート北野","ぺんぐあーときたの","0150900413","北海道札幌市清田区","北野２条３丁目３−７","011-375-8750","011-867-9350","http://www.peng.co.jp",43.01072822,141.43455247,"","","","",,,
"01100","A0000003657","札幌市","合同会社　北海道療育研究所","ごうどうがいしゃほっかいどうりょういくけんきゅうじょ","4430003006385","北海道札幌市西区","発寒６条１２丁目４番５３−２号","011-590-1152","011-590-1153","https://shienkodomo.com/hoshi","居宅訪問型児童発達支援","こども支援ルーム星置","こどもしえんるーむほしおき","0150900454","北海道札幌市手稲区","星置１条４丁目７番２号","011-590-0533","011-590-0544","https://shienkodomo.com/hoshi",43.13344617,141.20907493,"08:30-17:00","","","","日曜、祝日、お盆、年末年始","必要に応じて、上記以外の時間も利用可能",
"01100","A0000080164","札幌市","株式会社　はこぶね","かぶしきがいしゃはこぶね","9450001006059","北海道札幌市清田区","北野三条２丁目１１番１５号","011-876-9670","011-876-9645","https://hakobunewakka.wixsite.com/website","居宅訪問型児童発達支援","居宅訪問型児童発達支援　ワッカ","きょたくほうもんがたじどうはったつしえんわっか","0150503597","北海道札幌市清田区","北野３条２丁目１１−１５北野ビル2階","011-876-9670","011-876-9645","https://hakobunewakka.wixsite.com/website",42.99981585,141.44361611,"10:00-12:00","","","",,"営業日は、月・木曜日　※祝日、年末年始（12月31日〜1月3日）を除く",
"01204","A0000030706","旭川市","株式会社 湧心","かぶしきがいしゃゆうしん","1450001011925","北海道旭川市","春光６条４丁目３番５号","0166-76-6608","0166-76-6609",,"居宅訪問型児童発達支援","重度障がい児支援　花色","じゅうどしょうがいじしえんはないろ","0152903647","北海道旭川市","春光６条４丁目３番５号","0166-73-8786","0166-73-8846","https://hanailo.meityo.com",43.80314223,142.35610889,"10:00-16:00","10:00-16:00","","","日曜日、祝日、年末年始、研修日",,
"01000","A0000068044","北海道","特定非営利活動法人　Ｕ−ｍｉｔｔｅ","とくていひえいりかつどうほうじんゆーみって","2460105002190","北海道帯広市","清流東２丁目１５番地１","0155-48-8009","","https://u-mitte.jp","居宅訪問型児童発達支援","重症児デイサービス　プエオキッズ","じゅうしょうじでいさーびすぷえおきっず","0154602338","北海道帯広市","西五条南４１丁目１番地１０","0155-29-3067","0155-29-1860",,42.88329276,143.20205680,"","","","",,,
"01000","A0000055949","北海道","留萌市","るもいし","2000020012122","北海道留萌市","幸町1丁目11番地","0164-42-1801","0164-43-8778","","居宅訪問型児童発達支援","留萌市子ども発達支援センター","るもいしこどもはったつしえんせんたー","0156400095","北海道留萌市","沖見町4丁目62番地8","0164-42-1109","0164-43-5410",,43.92817356,141.63512667,"","","","",,,
"01000","A0000046203","北海道","一般社団法人りあん","いっぱんしゃだんほうじんりあん",,"北海道苫小牧市","三光町３丁目１６番１１号","0144-35-6044","0144-35-6044",,"居宅訪問型児童発達支援","りあん","りあん","0153600127","北海道苫小牧市","ときわ町４丁目２４番１３号","0144-61-1216","0144-61-1216","",42.61615235,141.51014167,"","","","",,,
"01000","A0000056400","北海道","北海道子ども療育支援株式会社","ほっかいどうこどもりょういくしえんかぶしきがいしゃ","4430001080713","北海道江別市","大麻栄町17番地の11","011-802-9985","011-802-9985","https://www.kotonoha-d-r.com","居宅訪問型児童発達支援","第2ことのは相談室","だいにことのははったつそうだんしつ","0151000528","北海道江別市","野幌町76番地4北洋ビル1F","011-802-9985",,,43.09328882,141.52355922,"09:30-17:30","","","","土日祝日、１２月２９日〜１月３日",,
"01000","A0000038265","北海道","江別市","えべつし","9000020012173","北海道江別市","高砂町６番地","011-382-4141","011-381-1070",,"居宅訪問型児童発達支援","江別市児童発達支援事業所あゆみ","えべつしじどうはったつしえんじぎょうしょあゆみ","0151000023","北海道江別市","錦町１４−８７江別市子ども発達支援センター内","011-385-1015","011-385-1015","https://www.city.ebetsu.hokkaido.jp/soshiki/kodomo/268.html",43.10190758,141.53124967,"09:15-17:15","","","","土日祝日、１２月２９日〜翌年１月３日",,
"01000","A0000038264","北海道","千歳市","ちとせし","2000020012246","北海道千歳市","東雲町２丁目３４番地千歳市総合福祉センター","0123-24-0353","0123-27-1113","http://www.city.chitose.lg.jp","居宅訪問型児童発達支援","千歳市児童発達支援センター","ちとせしじどうはったつしえんせんたー","0151100039","北海道千歳市","東雲町２丁目３４番地千歳市総合福祉センター内","0123-24-0348","0123-27-1113",,42.82097651,141.65089187,"09:30-17:00","","","","土日、祝日、年末年始",,
"01000","A0000048967","北海道","恵庭市","えにわし","4000020012319","北海道恵庭市","京町１番地恵庭市役所本庁舎","0123-33-3131","0123-33-3175","http://www.city.eniwa.hokkaido.jp","居宅訪問型児童発達支援","恵庭市子ども発達支援センター","えにわしこどもはったつしえんせんたー","0151200029","北海道恵庭市","黄金南５丁目１１番地の４","0123-33-3382","0123-34-9105","http://www.city.eniwa.hokkaido.jp",42.88796967,141.59675457,"09:30-10:30","","","","日曜日、国民の祝日に関する法律に規定する日、および12月29日〜1月3日",,
"01000","A0000081428","北海道","合同会社BLOOM","ごうどうがいしゃぶるーむ","430003013343 ","北海道北広島市","南町3丁目3番地2","011-312-1606",,,"居宅訪問型児童発達支援","オーケストラ","おーけすとら","0151300241","北海道北広島市","中央6丁目3-1","011-375-0828",,,42.97814662,141.56381740,"09:00-18:00","","","09:00-18:00","土曜日、日曜日、年末年始",,
"01000","A0000037236","北海道","北広島市","きたひろしまし","4000020012343","北海道北広島市","中央４丁目２番地１","011-372-3311","011-372-6388","http://www.city.kitahiroshima.hokkaido.jp/","居宅訪問型児童発達支援","北広島市子ども発達支援センター","きたひろしましこどもはったつしえんせんたー","0151300019","北海道北広島市","栄町１丁目５番地２北広島エルフィンビル","011-372-1650","011-372-6388","http://www.city.kitahiroshima.hokkaido.jp/kosodate/",42.97636619,141.56174267,"09:00-17:00","","","","土曜日、日曜日、祝日、年末年始",,
"01000","A0000038267","北海道","石狩市","いしかりし",,"北海道石狩市","花川北６条１丁目３０番地２石狩市役所","0133-72-7015","0133-75-2270","http://www.city.ishikari.hokkaido.jp/","居宅訪問型児童発達支援","石狩市子ども発達支援センター","いしかりしこどもはったつしえんせんたー","0157600016","北海道石狩市","花川北6条1丁目41-1総合保健福祉センターりんくる2階","0133727015","0133752270","http://www.city.ishikari.hokkaido.jp/soshiki/k-hattatsu/3407.html",43.17103119,141.31744171,"09:00-17:00","","","",,,
"01000","A0000028994","北海道","音更町","おとふけちょう","1000020016314","北海道河東郡音更町","元町２番地","0155-42-2111","0155-42-5160","http://www.town.otofuke.hokkaido.jp/","居宅訪問型児童発達支援","音更町第１子ども発達支援センター","おとふけちょうだいいちこどもはったつしえんせんたー","0154700215","北海道河東郡音更町","大通６丁目６番地プロスパ６内","0155-32-4800","0155-32-4801","http://www.town.otofuke.hokkaido.jp/life/mainichi-seikatu/fukusi/hattatsu_shien_c.html",42.99768432,143.19843365,"09:00-18:00","09:00-18:00","","","日曜日、祝日、12月31日から1月５日まで",,
"02201","A0000076005","青森市","Ｒｉｎｇｓ合同会社","りんぐすごうどうがいしゃ","2420003002453","青森県青森市","堤町一丁目７番１１号","017-718-2492","017-718-2495",,"居宅訪問型児童発達支援","居宅訪問型児童発達支援ねこのて","きょたくほうもんがたじどうはったちしえんねこのて","0250161551","青森県青森市","浪打2丁目2−8","017-718-2936","017-718-2134","https://www.rings-llc.com/",40.82637152,140.78056725,"","","","",,,
"02203","A0000041694","八戸市","有限会社バーム","ゆうげんがいしゃばーむ","1420002010466","青森県八戸市","西白山台一丁目５番５号","0178518485",,,"居宅訪問型児童発達支援","多機能型事業所リハステーションコウノトリ","たきのうがたじぎょうしょりはすてーしょんこうのとり","0250360070","青森県八戸市","根城三丁目5‐14","0178207843",,,40.50307901,141.47672223,"10:00-17:00","","","","土曜、日曜、祝祭日、お盆、年末年始",,
"02203","A0000078222","八戸市","有限会社バーム","ゆうげんがいしゃばーむ","1420002010466","青森県八戸市","西白山台一丁目５番５号","0178518485",,,"居宅訪問型児童発達支援","多機能型事業所リハステーション　コウノトリ２","たきのうがたじぎょうしょりはすてーしょんこうのとりに","0250360344","青森県八戸市","根城九丁目14番11号","0178209980","0178209986",,40.50886688,141.46716465,"10:00-17:00","10:00-17:00","","","日曜、祝祭日、お盆、年末年始",,
"02000","A0000091231","青森県","社会福祉法人七戸福祉会","しゃかいふくしほうじんしちのへふくしかい","3420005005783","青森県上北郡七戸町","太田野19-4","0176-62-5200","0176-62-5219","https://shichinohefukushikai-official.hp.peraichi.com/","居宅訪問型児童発達支援","城南児童発達支援センター","じょうなんじどうはったつしえんせんたー","0251120143","青森県上北郡七戸町","天神林１９番地２","0176-62-3095","0176-58-6130",,40.69128857,141.15387625,"07:00-19:00","07:00-19:00","07:00-19:00","07:00-19:00","なし",,
"03201","A0000013864","盛岡市","特定非営利活動法人六等星","とくていひえいりかつどうほうじんろくとうせい","1400005002272","岩手県盛岡市","前九年1-1-11活動拠点　サッコラ","019-646-7999","019-613-2009",,"居宅訪問型児童発達支援","こどもサポート　サッコラ","こどもさぽーとさっこら","0350100053","岩手県盛岡市","前九年1-1-11活動拠点サッコラ","019-646-7999","019-613-2009",,39.71412299,141.12951065,"10:00-13:00","10:00-13:00","","","日曜日、祝祭日、お盆(8月13日〜16日)、年末年始(12月30日〜1月3日)",,
"03201","A0000025962","盛岡市","一般社団法人アクティビティいわて","いっぱんしゃだんほうじんあくてぃびてぃいわて","7400005007919","岩手県盛岡市","上田１丁目１４番３１号　","019-601-7665","019-601-7665","https://www.act-i.or.jp/","居宅訪問型児童発達支援","アクティブキッズ","あくてぃぶきっず","0350100517","岩手県盛岡市","南大通1丁目4-7-1","019-681-3858","019-681-3859","https://www.act-i.or.jp/",39.69814786,141.15700855,"09:00-17:00","","","","土日休日",,
"03201","A0000054703","盛岡市","一般社団法人アクティビティいわて","いっぱんしゃだんほうじんあくてぃびてぃいわて","7400005007919","岩手県盛岡市","上田１丁目１４番３１号　","019-601-7665","019-601-7665","https://www.act-i.or.jp/","居宅訪問型児童発達支援","アクティブキッズ２","あくてぃぶきっずつー","0350160032","岩手県盛岡市","南大通一丁目４-７-202","019-681-3858","019-681-3859",,39.70186409,141.15451145,"","","","",,,
"04000","A0000044982","宮城県","水梨かふぇ","みずなしかふぇ","4370005009533","宮城県気仙沼市","物倉山6番地","0226-37-4585","0226-37-4925","http://www.mizunashi-ippo.com/","居宅訪問型児童発達支援","いっぽ","いっぽ","0450500525","宮城県気仙沼市","物倉山６番地","0226-37-4585","0226-37-4925","http://www.mizunashi-ippo.com/",38.86359085,141.53310299,"09:30-17:00","09:30-17:00","","09:30-17:00","日曜日及び12月３０日〜１月３日",,
"04000","A0000023452","宮城県","認定ＮＰＯ法人さわおとの森","にんていえぬぴーおーほうじんさわおとのもり","8370605000623","宮城県宮城郡利府町","利府八幡崎６３−１","022-290-3567","022-290-6678","http://www.sawaoto.jp","居宅訪問型児童発達支援","こども発達センターあかいしの森　居宅発達支援「にじ」","こどもはったつせんたーあかいしのもりきょたくはったつしえんにじ","0452700677","宮城県富谷市","明石台７丁目２番地１","022-725-8770","022-725-8773","http://www.sawaoto.jp",38.34697036,140.89918110,"09:00-16:30","","","","土曜日、日曜日、祝日、お盆の３日間、12月30日〜1月3日",,
"05201","A0000023120","秋田市","株式会社　りは・ぽっと","かぶしきかいしゃりはぽっと","6410001010100","秋田県秋田市","手形字西谷地188-1　西村ビル　東棟","018-874-8297","018-874-8298","http://www.rehapot.com","居宅訪問型児童発達支援","発達支援BOX　らじあぼ","はったつしえんぼっくすらじあぼ","0550111082","秋田県秋田市","手形字西谷地１８８−１西村ビル　東棟","018-874-8297","018-874-8298","http://www.rehapot.com",39.71807816,140.13321701,"09:00-17:00","","","","土・日・国民の祝日・8月13日・12月30日〜1月3日",,
"06201","A0000026060","山形市","合同会社リハサポート","ごうどうがいしゃりはさぽーと","7390003001306","山形県山形市","印役町1丁目2番３８号リバーサイドアメニティー１階Ｂ","023-679-5403","023-679-5403","http://archyamagata.wixsite.com/arch","居宅訪問型児童発達支援","アーチ","あーち","0650100290","山形県山形市","印役町一丁目２番38号リバーサイドアメニティ１階Ｂ","0236795403","0236795403","https://archyamagata.wixsite.com/arch",38.26189920,140.35125298,"09:00-17:30","09:00-17:30","","","定休日：日曜日、月曜日、祝祭日、4/29〜5/5、8/12〜16、12/28〜1","研修等で臨時に休業する場合があります。",
"06000","A0000084725","山形県","特定非営利活動法人やまごや","とくていひえいりかつどうほうじんやまごや","9390005008941","山形県鶴岡市","末広町5番22−201（マリカ西館２階）A−３","0235292117","05038521225","http://npo-yamagoya.org","居宅訪問型児童発達支援","子ども訪問支援やまごや","こどもほうもんしえんやまごや","0650300205","山形県鶴岡市","末広町5番22−201（マリカ西館2階）A−3","0235292117","05038521225","http://npo-yamagoya.org",38.73800376,139.83833999,"09:00-17:00","","","","土日、祝日",,
"06000","A0000043140","山形県","酒田市","さかたし","5000020062049","山形県酒田市","本町2丁目2番45号","0234-26-6258","0234-23-2258","http://www.city.sakata.lg.jp","居宅訪問型児童発達支援","酒田市はまなし学園","さかたしはまなしがくえん","0650400013","山形県酒田市","住吉町１０番２４号","0234333283","0234334050",,38.93005895,139.83327042,"08:30-17:15","","","","土・日曜日、国民の祝日及び12月29日から翌年1月3日までの日。",,
"07203","A0000029219","郡山市","社会福祉法人郡山市社会福祉事業団","しゃかいふくしほうじんこおりやまししゃかいふくしじぎょうだん","2380005002530","福島県郡山市","朝日一丁目２９番９号−","024-924-2950","024-924-2969","http://koriyama-fj.sakura.ne.jp/","居宅訪問型児童発達支援","郡山市立希望ヶ丘学園","こおりやましりつきぼうがおかがくえん","0750200594","福島県郡山市","希望ケ丘27番１号","024-951-0262","024-951-0262",,37.40900759,140.34187358,"09:00-15:00","","","","土曜、日曜、祝日、年末年始",,
"07204","A0000062411","いわき市","社会福祉法人いわき福音協会","しゃかいふくしほうじんいわきふくいんきょうかい","2380005005715","福島県いわき市","平上平窪字羽黒４０番地の４４法人本部事務局","0246-23-1903","0246-23-1905","http://i-fukuin.com","居宅訪問型児童発達支援","エデンの家","えでんのいえ","0753100262","福島県いわき市","平上平窪字古館１番地の22","0246-88-7741","0246-88-7743","http://edennoie.i-fukuin.com",37.09333846,140.88865694,"09:00-15:00","","","","土・日・祝日・お盆休み・年末年始(12/29~1/3)",,
"08201","A0000069943","水戸市","特定非営利活動法人キララこそだて支援センター","とくていひえいりかつどうほうじんきららこそだてしえんせんたー","050005010911 ","茨城県水戸市","河和田町1193-5なし","029-353-6251","029-353-6252","http://www.kirara-bss.com/","居宅訪問型児童発達支援","キララケアサービス","きららけあさーびす","0850101080","茨城県水戸市","河和田町1193-5","029-353-6251","029-353-6252",,36.36998672,140.42080282,"","","","",,,
"13000","A0000077589","東京都","株式会社国立療育センター","かぶしきがいしゃくにたちりょういくせんたー","7380002027740","茨城県石岡市","石岡2214番地茨城県石岡市石岡2214番地","042-505-9634","042-505-9635","https://www.marusora.com/","居宅訪問型児童発達支援","児童はったつ支援室まるソラぷらす","じどうはったつしえんしつまるそらぷらす","1353400300","東京都国立市","富士見台４−１０−３ＡＤＡＭＡＳ国立１階","042-572-0003","042-572-0004",,35.68553390,139.43178365,"","","","",,,
"08000","A0000081654","茨城県","株式会社サシノベルテ","かぶしきがいしゃさしのべるて","1050001039148","茨城県桜川市","真壁町飯塚１００６番２号","0299-56-2300","0299-22-3211","http://sashinoberute.co.jp/","居宅訪問型児童発達支援","こどもサークル津賀","こどもさーくるつが","0852200146","茨城県鹿嶋市","津賀758-1","0299-69-3000","0299-69-3111","http://sashinoberute.co.jp/",36.03053426,140.58233953,"10:00-15:00","10:00-15:00","","10:00-15:00","日曜日・年末年始（12/31〜1/3）",,
"09201","A0000053084","宇都宮市","宇都宮市","うつのみやし",,"栃木県宇都宮市","旭1-1-5","028-632-2222","028-634-8156","http://www.city.utsunomiya.tochigi.jp","居宅訪問型児童発達支援","宇都宮市子ども発達センターかすが園","うつのみやしこどもはったつせんたーかすがえん","0950100032","栃木県宇都宮市","鶴田町970−1","028-647-4710","028-647-4715","http://www.city.utsunomiya.tochigi.jp",36.55828051,139.85320310,"09:30-15:00","","","","土曜日・日曜日",,
"09201","A0000075868","宇都宮市","yoboiryo株式会社","よぼいりょかぶしきがいしゃ","1060001025007","栃木県宇都宮市","平松本町354-13","028-666-5420","028-666-5460","http://www.yoboiryo.co.jp/","居宅訪問型児童発達支援","小児多機能型事業所KODOMOTO","しょうにたきのうがたじぎょうしょこどもと","0950100750","栃木県宇都宮市","下栗町2913-1","028-615-7420","028-615-7430","",36.53722306,139.90733609,"","","","",,,
"10000","A0000064136","群馬県","ドレミ株式会社","どれみかぶしきがいしゃ","2070001031531","群馬県太田市","龍舞町２２１０−１","0276-55-5021","0276-55-5022","http://www.doremi-inc.co.jp/","居宅訪問型児童発達支援","空のうた","そらのうた","1050500204","群馬県太田市","太田市龍舞町2210-1","0276-55-5021","0276-55-5022","http://doremi-inc.co.jp/",36.27964875,139.41863923,"10:00-18:00","","","","指定土曜日、日曜日、祝日",,
"10000","A0000069806","群馬県","社会福祉法人希望の家","しゃかいふくしほうじんきぼうのいえ","3070005005126","群馬県みどり市","大間々町大間々２２−４","0277-73-2605","0277-73-6462","http://www.kibounoie.or.jp","居宅訪問型児童発達支援","発達・相談支援センターつむぎ","はったつそうだんしえんせんたーつむぎ","1051200150","群馬県みどり市","大間々町大間々22-4","0277-32-6222","0277-73-6462",,36.41447444,139.28475321,"08:30-17:30","","","","土日祝日",,
"11201","A0000098449","川越市","Ｆｉｖｅ．Ｈ株式会社","ふぁいぶえいちかぶしきがいしゃ","1030001118176","埼玉県さいたま市大宮区","桜木町４丁目５２７番地","050-5530-6902","050-3145-8008","","居宅訪問型児童発達支援","メディケア川越","めでぃけあかわごえ","1150400941","埼玉県川越市","むさし野１−１幸和ビル３０１","050-5530-6901","050-3145-8008",,35.92510329,139.48579257,"","","","",,,
"40000","A0000067088","福岡県","株式会社Famstation","ふぁむすてーしょん","2030001122243","埼玉県さいたま市桜区","白鍬39-2","048-826-6589","048-826-6547","https://www.famstation.jp","居宅訪問型児童発達支援","療育サポートセンターKOTOIRO宗像","りょういくさぽーとせんたーこといろむなかた","4050600057","福岡県宗像市","日の里5-117号棟　２号","0940-37-5005","0940-37-5006","https://www.kotoiro.net",33.79121025,130.53601059,"09:00-17:00","09:00-17:00","","","土日祝日",,
"11100","A0000001771","さいたま市","さいたま市","さいたまし","2000020111007","埼玉県さいたま市浦和区","常盤６丁目４−４（さいたま新都心郵便局私書箱第４６号）","048-829-1309","048-829-1981","https://www.city.saitama.jp/006/015/028/003/p032424.html","居宅訪問型児童発達支援","さいたま市総合療育センターひまわり学園","さいたましそうごうりょういくせんたーひまわりがくえん","1156510248","埼玉県さいたま市西区","三橋６−１５８７","048-622-1211","048-622-4359","http://www.city.saitama.jp/002/003/004/003/007/p060273.html",35.92083328,139.59065128,"09:00-17:00","","","","土日祝祭日及び年末年始","サービス提供日及び提供時間は営業日及び営業時間の範囲内",
"11000","A0000023404","埼玉県","社会福祉法人清風会","しゃかいふくしほうじんせいふうかい","4030005013429","埼玉県熊谷市","津田１８５５−１","0493-39-2851","0493-39-2247","http://www.seifu-kai.or.jp","居宅訪問型児童発達支援","福祉医療センター太陽の園","ふくしいりょうせんたーたいようのその","1153100019","埼玉県熊谷市","津田１８５５−１","0493-39-2851",,"http://www.seifu-kai.or.jp",36.09450872,139.42579854,"","","","","祝祭日、８月１３日〜８月１５日、１２月２９日〜１月３日",,
"12100","A0000097972","千葉市","株式会社発達障害リハビリテーション研究センター","かぶしきがいしゃはったつしょうがいりはびりてーしょんけんきゅうせんたー","7020001143772","千葉県千葉市緑区","おゆみ野3-24-1アイ・ティー・オーおゆみ野B号室","043-290-9571","043-290-9572","https://www.develop-reha.com/","居宅訪問型児童発達支援","ﾘﾊﾘﾝｸｽおゆみ野","りはりんくすおゆみの","1250101985","千葉県千葉市緑区","おゆみ野３−２４−１アイ・ティー・オーおゆみ野Ｂ号室","043-290-9571",,,35.56228923,140.17560556,"","","","",,,
"12000","A0000032020","千葉県","銚子市","ちょうしし","6000020122025","千葉県銚子市","若宮町１の１","0479-24-8181","0479-25-7502","https://www.city.choshi.chiba.jp/index.html","居宅訪問型児童発達支援","銚子市児童発達支援センターわかば","ちょうししじどうはったつしえんせんたーわかば","1251300016","千葉県銚子市","三崎町３丁目９６番地の１","0479-22-2742","0479-22-2742","https://www.city.choshi.chiba.jp/soshiki/wakaba/index.heml",35.70799039,140.78390263,"08:30-17:00","","","","土曜日、日曜日、国民の祝日、12月29日から1月3日まで",,
"12000","A0000065172","千葉県","特定非営利活動法人スマイル銚子","とくていひえいりかつどうほうじんすまいるちょうし","1040005012135","千葉県銚子市","陣屋町4-28","0479-23-6030","0479-23-6070","https://smile-choshi.com/index.html","居宅訪問型児童発達支援","えがおの家","えがおのいえ","1251300032","千葉県銚子市","陣屋町3-16","0479-23-6033",,"https://smile-choshi.com/",35.73081817,140.83763432,"","","","",,,
"12204","A0000060256","船橋市","株式会社スマイルケアブリッジ","かぶしきがいしゃすまいるけあぶりっじ",,"千葉県船橋市","印内町668-1ファミール西船橋六番館８０２","047-401-5580","047-401-5582","https://smile-reha.com","居宅訪問型児童発達支援","スマイルぷらす訪問ステーション","すまいるぷらすほうもんすてーしょん","1252800618","千葉県船橋市","藤原3-28-8　1階","047-468-8600","047-468-8662","https://smile-reha.com/",35.73727248,139.97916074,"10:00-12:00","","","","土、日、祝日、年末年始（12月30日〜1月3日）、学校が長期休みの間",,
"12000","A0000046095","千葉県","合同会社ｋｕｐｏｎｏ","ごうどうがいしゃくぅぽの","8040003014837","千葉県木更津市","畑沢南２−２３−１８","0438-38-5473","0438-38-5474","https://www.kupono.info","居宅訪問型児童発達支援","発達支援　くぅぽの","はったつしえんくぅぽの","1251000244","千葉県木更津市","真舟2−30−2","0438-38-5473","0438-38-5474",,35.36091768,139.93357583,"","","","",,,
"12000","A0000011716","千葉県","社会福祉法人生活クラブ","しゃかいふくしほうじんせいかつくらぶ","7040005007253","千葉県佐倉市","山崎529-1","043-309-5811","043-460-8844","https://kazenomura.jp/","居宅訪問型児童発達支援","生活クラブ風の村重心通所さくら","せいかつくらぶかぜのむらじゅうしんつうしょさくら","1254200080","千葉県佐倉市","山崎４８８","043-483-5550","043-483-5557",,35.72951545,140.22459454,"10:00-15:00","","","","土曜日、日曜日、祝日","提供時間は状態に合わせてご本人と決める。",
"12000","A0000029267","千葉県","社会福祉法人千手会","しゃかいふくしほうじんせんじゅかい",,"千葉県佐倉市","青菅字木ノ宮大割１０１９","043-462-2008","043-462-2009","http://senjukai.sakira.ne.jp","居宅訪問型児童発達支援","佐倉市さくらんぼ園指定管理者社会福祉法人千手会","さくらしさくらんぼえんしていかんりしゃしゃかいふくしほうじんせんじゅかい","1254200015","千葉県佐倉市","大篠塚１５８７番地","043-484-1050","043-312-7980",,35.68774607,140.22775276,"08:30-17:30","08:30-17:30","","","日曜、祝日、12月29日〜1月3日、土曜日は年間スケジュールによる",,
"12217","A0000011966","柏市","株式会社アクト・デザイン","かぶしきがいしゃあくとでざいん","040001086847 ","千葉県柏市","千葉県柏市大室１丁目２４番地１","04-7197-7862","04-7197-7863","http://www.act-design.org/","居宅訪問型児童発達支援","こども発達支援ルームまあち","こどもはったつしえんるーむまあち","1252100456","千葉県柏市","大室１丁目２４番地１","04-7132-8882","04-7197-7863",,35.90785257,139.95641110,"","","","",,,
"12217","A0000011967","柏市","株式会社アクト・デザイン","かぶしきがいしゃあくとでざいん","040001086847 ","千葉県柏市","千葉県柏市大室１丁目２４番地１","04-7197-7862","04-7197-7863","http://www.act-design.org/","居宅訪問型児童発達支援","こども発達支援ルームまあち　柏たなか駅前教室","こどもはったつしえんるーむまあちかしわたなかえきまえきょうしつ","1252100605","千葉県柏市","小青田１丁目２番地６プロニティハイム１階","04-7170-2690","04-7170-2691",,35.86761500,139.97585260,"","","","",,,
"12217","A0000061742","柏市","株式会社アクト・デザイン","かぶしきがいしゃあくとでざいん","040001086847 ","千葉県柏市","千葉県柏市大室１丁目２４番地１","04-7197-7862","04-7197-7863","http://www.act-design.org/","居宅訪問型児童発達支援","こども地域づくりステーション　まあち","こどもちいきづくりすてーしょんまあち","1252100795","千葉県柏市","大室1-24-2グランツ101","070-3864-2085","04-7170-2691",,35.90773036,139.95637500,"","","","",,,
"12000","A0000072634","千葉県","流山市","ながれやまし","1000020122203","千葉県流山市","平和台１の１の１","04-7154-4822","04-7154-4844","http://www.city.nagareyama.chiba.jp/life/1000974/1001034/1001038.html","居宅訪問型児童発達支援","流山市立つばさ学園","ながれやましりつつばさがくえん","1252300015","千葉県流山市","駒木台２２１番地の３","04-7154-4822","04-7154-4844","https://city.nagareyama.chiba.jp/life/1000974/1027914/index.html",35.89207574,139.93311965,"08:30-17:00","","","","土・日・祝日",,
"13000","A0000031773","東京都","特定非営利活動法人フローレンス","とくていひえいりかつどうほうじんふろーれんす","010005015697 ","東京都千代田区","神田神保町1-14-1KDX神保町ビル4F","03-6811-0920","03-6811-0902","https://florence.or.jp/","居宅訪問型児童発達支援","障害児訪問支援ナンシー","しょうがいじほうもんしえんなんしー","1350100044","東京都千代田区","神田神保町1丁目14番1号","03-6811-0920","03-6811-0902","https://nancy.florence.or.jp/",35.69658825,139.75828030,"","","","",,,
"13103","A0000042867","港区","港区","みなとく","8000020131032","東京都港区","芝公園1-5-25","03-3578-2694","03-3578-2678","https://www.city.minato.tokyo","居宅訪問型児童発達支援","港区立児童発達支援センター","みなとくりつじどうはったつしえんせんたー","1350300388","東京都港区","南麻布４−６−１３","03-6277-3106","03-6277-3844",,35.65043419,139.72749858,"09:30-15:00","","","","土日祝",,
"13000","A0000035688","東京都","一般社団法人Ｏｈａｎａ　ＨＯＵＳＥ","いっぱんしゃだんほうじんおはなはうす","1351000268   ","東京都大田区","西馬込１−３２−１５3階","03-6429-8717","03-6429-8717","http://ohana-house.or.jp/","居宅訪問型児童発達支援","ミリミリ目黒","みりみりめぐろ","1351000268","東京都目黒区","碑文谷１−１１−１５","03-5720-8088","03-5720-8088",,35.62136459,139.69098881,"09:00-18:00","","","","土日祝日",,
"13000","A0000082384","東京都","一般社団法人Ｏｈａｎａ　ＨＯＵＳＥ","いっぱんしゃだんほうじんおはなはうす","1351000268   ","東京都大田区","西馬込１−３２−１５3階","03-6429-8717","03-6429-8717","http://ohana-house.or.jp/","居宅訪問型児童発達支援","ミリミリ品川","みりみりしながわ","1350900427","東京都品川区","西大井４−１５−５マンション山崎１階","03-6768-0011","03-6768-0011",,35.59486258,139.71800676,"","","","",,,
"13000","A0000018427","東京都","特定非営利活動法人かすみ草","とくていひえいりかつどうほうじんかすみそう","8011305001204","東京都杉並区","和泉３−２２−１５グランヴェール和泉101","03-6265-7991","03-6265-7992","http://www.npo-kasumiso.com","居宅訪問型児童発達支援","放課後等デイサービスくじら","ほうかごとうでいさーびすくじら","1351500655","東京都杉並区","杉並区グランヴェール和泉１０１","03-6265-7993","03-6265-7992",,35.69957360,139.63638520,"09:00-18:00","","","","土日・祝日・年末年始",,
,"A0000097437",,"イーズメディカル株式会社","いーずめでぃかるかぶしきがいしゃ","8011501024280","東京都北区","豊島１丁目１８番６号王子西原ビル２０１号","03-6824-5551","03-6734-6383","https://www.ease-medical.com/","居宅訪問型児童発達支援","アットイーズ訪問型児童発達支援","あっといーずほうもんがたじどうはったつしえん","1351600364","東京都豊島区","上池袋４丁目２７番２０号パーサヴィアランス上池１０１","03-6824-5551","03-6734-6383","https://www.ease-medical.com/",35.74143223,139.71980405,"09:00-17:30","09:00-17:30","00:00-00:00","09:00-17:30","日曜日、年末年始（12月31日〜1月3日）","祝日は通常営業",
"13000","A0000042881","東京都","練馬区","ねりまく","3000020131202","東京都練馬区","豊玉北6-12-1","03-3993-1111","03-5984-1215","https://www.city.nerima.tokyo.jp/hokenfukushi/shogai/shisetsu/care/fukusikeasenta-.html","居宅訪問型児童発達支援","練馬区立こども発達支援センター","ねりまくりつこどもはったつしえんせんたー","1352000374","東京都練馬区","光が丘３−１−１","03-3975-6251","03-3975-6252","http://www.city.nerima.tokyo.jp",35.75420060,139.63096110,"09:00-16:00","","","","土日祝日、１月２日・３日、１２月２９日から３１日",,
"13000","A0000082379","東京都","葛飾区","かつしかく","1000020131229","東京都葛飾区","立石５−１３−１葛飾区役所","03-3695-1111",,"http://www.city.katsushika.lg.jp/","居宅訪問型児童発達支援","葛飾区子ども発達センター新小岩分室","かつしかくこどもはったつせんたーしんこいわぶんしつ","1352200800","東京都葛飾区","西新小岩４−３３−２","03-5654-3691","03-5654-3692",,35.71849879,139.85385208,"","","","",,,
"13000","A0000067565","東京都","一般社団法人えがお会","いっぱんしゃだんほうじんえがおかい","012805002999 ","東京都立川市","曙町２−３１−４レジス立川曙町４０１","042-518-9609","042-518-9609","https://egao-soudan.com","居宅訪問型児童発達支援","こころと育ちの相談室えがお","こころとそだちのそうだんしつえがお","1353000340","東京都立川市","曙町２−３１−４レジス立川曙町４０１","042-518-9609","042-518-9609","https://egao-soudan.com",35.70168997,139.41645097,"08:30-16:30","08:30-16:30","","","水、金、日、祝日",,
"13000","A0000054665","東京都","調布市","ちょうふし",,"東京都調布市","小島町２−３５−１なし","042-481-7135","042-481-4288","https://www.city.chofu.tokyo.jp/","居宅訪問型児童発達支援","調布市子ども発達センター訪問支援サービス事業所","ちょうふしこどもはったつせんたーほうもんしえんさーびすじぎょうしょ","1354200196","東京都調布市","西町２９０−４９","042-486-1190","042-486-3147","https://www.city.chofu.tokyo.jp/",35.66627750,139.52252947,"08:30-17:15","","","","土日、祝日、12月29日から1月3日まで",,
"13000","A0000035416","東京都","特定非営利活動法人ほっと・ステーションらら","とくていひえいりかつどうほうじんほっとすてーしょんらら","2012305001372","東京都町田市","南成瀬2-32-11クレスト南成瀬Ⅱ2号棟11号室","042-703-4567","042-703-5668",,"居宅訪問型児童発達支援","Ｃｏｃｏらら","ここらら","1353200510","東京都町田市","南成瀬２−３２−１１クレスト南成瀬Ⅱ2号棟11号室","042-703-4567","042-703-5668",,35.53901272,139.46514144,"10:00-16:00","","","","土日祝日　夏季休業　冬季休業",,
"13000","A0000018428","東京都","社会福祉法人日本心身障害児協会","しゃかいふくしほうじんにほんしんしんしょうがいじきょうかい","8013405000151","東京都多摩市","中沢１−３１−１","042-374-2071","042-372-9363","https://www.shimada-ryoiku.or.jp/","居宅訪問型児童発達支援","島田療育センター","しまだりょういくせんたー","1355000108","東京都多摩市","中沢１−３１−１","042-374-2071","042-372-9363",,35.62198803,139.41149603,"","","","",,,
"14130","A0000041335","川崎市","社会福祉法人　青い鳥","しゃかいふくしほうじんあおいとり","8020005006561","神奈川県横浜市神奈川区","西神奈川１−９−１","045-321-1772","045-321-3037","http://www.aoitori-y.jp","居宅訪問型児童発達支援","川崎西部地域療育センター居宅訪問型児童発達支援事業所","かわさきせいぶちいきりょういくせんたーきょたくほうもんがたじどうはったつしえんじぎょうしょ","1455500015","神奈川県川崎市宮前区","平2-6-1","044-865-2905","044-865-2955","http://www.aoitori-y.jp/",35.60150808,139.56956343,"08:30-17:00","","","","土・日・祝日、12/29〜1/3",,
"14130","A0000059028","川崎市","川崎市社会福祉事業団","かわさきししゃかいふくしじぎょうだん","4020005007522","神奈川県川崎市高津区","久地３−１３−１","044-829-1829","044-829-1840","http://www.kfj.or.jp","居宅訪問型児童発達支援","川崎市南部地域療育センター","かわさきしなんぶちいきりょういくせんたー","1455000164","神奈川県川崎市川崎区","中島３−３−１","044-211-3181","044-230-1945","http://kfj.or.jp/nanbu/",35.52727774,139.71424708,"08:30-17:00","","","","土、日曜日　祝祭日、年末年始",,
"14150","A0000052029","相模原市","合同会社ＮＪＣ’ｓカンパニー","ごうどうがいしゃえぬじぇいしーずかんぱにー","8021003009300","神奈川県相模原市南区","磯部１１５２番地１０","046-254-4068","046-254-4068","https:///www.magicalshoes.net","居宅訪問型児童発達支援","マジカルシューズ","まじかるしゅーず","1452601634","神奈川県相模原市南区","相模台１丁目７番４号","042-705-4798","042-705-4799",,35.51842992,139.41243291,"10:00-12:00","","","","土日祝日",,
"14000","A0000092244","神奈川県","社会福祉法人光友会","しゃかいふくしほうじんこうゆうかい","8021005000323","神奈川県藤沢市","獺郷字大向１００８番地の１","0466-48-1500","0466-48-5113","http://www.lfa.jp/","居宅訪問型児童発達支援","児童発達支援センター藤沢市太陽の家しいの実学園","じどうはったつしえんせんたーふじさわしたいようのいえしいのみがくえん","1452200593","神奈川県藤沢市","鵠沼海岸６−６−１２","0466-33-1411","0466-34-4342","http://www.lfa.jp/",35.32754546,139.46420430,"09:00-17:00","","","","土・日・祝日",,
"14000","A0000070765","神奈川県","社会医療法人社団三思会","しゃかいいりょうほうじんしゃだんさんしかい","5021005003452","神奈川県厚木市","船子232番地","046-229-1771","046-228-0396","https://www.tomei.or.jp/","居宅訪問型児童発達支援","多機能型事業所　にじいろ","たきのうがたじぎょうしょにじいろ","1452900267","神奈川県厚木市","戸室１丁目２９番地１号複合型施設マザーホーム戸室","046-222-7772","046-294-1178","https://www.tomei.or.jp/fukushi/motherhome/nijiiro/",35.44287600,139.36246950,"09:00-17:00","","","","土曜及び日曜日、国民の祝日、１２月２９日から１月３日までとする",,
"11100","A0000058490","さいたま市","株式会社大谷","かぶしきがいしゃおおたに",,"新潟県新潟市江南区","亀田工業団地１−３−５","025-382-0066","025-381-7229",,"居宅訪問型児童発達支援","ゆめみらいキッズ","ゆめみらいきっず","1156511659","埼玉県さいたま市中央区","鈴谷１０−２５アステリスクエアF号室","048-762-3085","048-762-9024",,35.88395601,139.62619925,"10:00-17:00","","","","土日祭日",,
"15100","A0000087915","新潟市","合同会社命美","ごうどうがいしゃなるみ",,"新潟県新潟市西区","寺尾北１丁目１２番５０号フィールドA１０４","025-378-3518","025-378-3519",,"居宅訪問型児童発達支援","居宅訪問型児童発達支援・保育所等訪問支援ほんわか","きょたくほうもんがたじどうはったつしえんほいくしょとうほうもんしえんほんわか","1550101446","新潟県新潟市西区","寺尾北１丁目１２番５０号フィールドA１０４","0253783518","025-378-3519","http://honnwaka2022.com/",37.88565131,138.97075796,"09:00-17:00","","","","土日祝日、　12月29日から1月3日まで",,
"15000","A0000064873","新潟県","一般社団法人Natural","いっぱんしゃだんほうじんなちゅらる","1110005016161","新潟県村上市","羽黒町１１−２３","0254-62-7200","0254-62-7370","https://shien-natural.net/","居宅訪問型児童発達支援","こども発達支援所　はる","こどもはったつしえんじょはる","1551200080","新潟県村上市","羽黒町11番13号","0254-62-7200","0254-62-7370","https://shien-natural.net/",38.21677981,139.48252052,"09:00-17:00","","","","土曜日・日曜日・祝祭日・年末年始（12月30日〜1月3日）、運営法人の指定する日","利用時間は、各利用者の健康状態や保護者の状況等により伸縮させる。",
"15000","A0000085608","新潟県","燕メタセコイアの会","つばめめたせこいあのかい","2110005016680","新潟県燕市","吉田神田町19番8号","0256-78-7001","0256-78-7001","https://www.metasekoia.com/","居宅訪問型児童発達支援","ロンディーネの杜","ろんでぃーねのもり","1551300088","新潟県燕市","吉田神田町19番8号","0256-78-7001","0256-78-7001","https://www.metasekoia.com/",37.69341851,138.88313683,"09:00-17:00","","","","土、日、祝日、年末年始（12/29〜1/3）",,
"15000","A0000085852","新潟県","特定非営利活動法人　ギフテッド","とくていひえいりかつどうほうじんぎふてっど","5110005016612","新潟県上越市","昭和町2丁目7番29号1階","025-520-9756","025-520-9756","https://www.npo-gifted.com/","居宅訪問型児童発達支援","SMiDデイサービスSora","えすえむあいでぃでいさーびすそら","1550300212","新潟県上越市","寺町2-20-1上越市福祉交流プラザ1階","0255429129","025-542-9129","https://www.npo-gifted.com/",37.14784709,138.23608270,"09:00-17:00","09:00-17:00","","09:00-17:00","日曜日、8月13日〜15日、12月29日〜1月3日",,
"16000","A0000070764","富山県","魚津市","うおづし","9000020162043","富山県魚津市","釈迦堂一丁目10番1号","0765-23-1005","0765-23-1055","http://www.city.uozu.toyama.jp","居宅訪問型児童発達支援","魚津市立つくし学園","うおづしりつつくしがくえん","1650400011","富山県魚津市","友道３７３−２","0765-24-3240","0765-24-3247","https://uoshakyo.net",36.82736720,137.40921730,"08:30-17:00","","","","土日、国民の祝日に関する法律に規定する休日及び12月29日から翌年１月３日まで",,
"17201","A0000018293","金沢市","一般社団法人金沢ゆとり学園","いっぱんしゃだんほうじんかなざわゆとりがくえん","3220005008303","石川県金沢市","富樫２丁目5番42-1号","076-256-3390","076-256-3390","http://www17.plala.or.jp/yutorihp/","居宅訪問型児童発達支援","金沢ゆとり学園","かなざわゆとりがくえん","1750102806","石川県金沢市","泉野出町3丁目14番26-1号","076-256-3428","076-256-3428","http://www17.plala.or.jp/yutorihp/",36.53844130,136.65042285,"","","","",,,
"17201","A0000083592","金沢市","株式会社MOYU","かぶしきがいしゃもゆ","22000101882  ","石川県金沢市","高尾台１丁目35番地２","076-272-5833","076-298-0082","https://86haru.jp","居宅訪問型児童発達支援","親子DE発達凸凹８６","おやこではったつでこぼこはる","1750102954","石川県金沢市","高尾台１丁目54番地","076-272-5833","076-298-0082",,36.52414840,136.63807417,"10:00-16:00","","","","土曜日、国民の祝日、年末年始、お盆",,
"17201","A0000056888","金沢市","金沢市","かなざわし",,"石川県金沢市","広坂１丁目１番１号","076-220-2289","076-232-0294","https://www4.city.kanazawa.lg.jp/index.html","居宅訪問型児童発達支援","金沢市障害児通園施設ひまわり教室","かなざわししょうがいじつうえんしせつひまわりきょうしつ","1750103002","石川県金沢市","十一屋町４番34号","076-243-6786","076-243-6786",,36.54408806,136.66206623,"09:00-17:15","09:00-17:15","","","日曜日、祝日、12月29日から翌年１月３日まで",,
"17000","A0000027989","石川県","株式会社サンフラワー","かぶしきかいしゃさんふらわー",,"石川県七尾市","中島町奥吉田カ乙部一番甲二地","0767-66-6010","0767-66-6299","http://sun-flower-niji.net/","居宅訪問型児童発達支援","居宅訪問型児童発達支援事業所サンフラワー","きょたくほうもんがたじどうはったつしえんじぎょうしょさんふらわー","1750202002","石川県七尾市","中島町奥吉田カ乙部一番甲二地","0767-66-6010",,,37.11986929,136.85043860,"","","","",,,
"17000","A0000090555","石川県","リハビリライフサポート株式会社","りはびりらいふさぽーとかぶしきがいしゃ","0220001022505","石川県小松市","串町丙7番地２","0761582085","0761582085","https://feliz-komatsu.com/","居宅訪問型児童発達支援","MIRAI KODOU","みらいこどう","1750302190","石川県小松市","串町丙６番地２","0761582085","0761582085",,36.36867536,136.42706866,"09:45-15:00","","","09:45-15:00","日曜",,
"17000","A0000069788","石川県","一般社団法人ひだまり","いっぱんしゃだんほうじんひだまり","8220005008612","石川県小松市","荒屋町丁８２番地４","0761-66-8098",,,"居宅訪問型児童発達支援","ことり","ことり","1750302174","石川県小松市","荒屋町丁８２番地４","0761-66-8098",,,36.43171833,136.47336821,"","","","",,,
"18201","A0000014384","福井市","合同会社　ぽると","ごうどうがいしゃぽると","8210003000729","福井県福井市","八重巻中町25-8","0776-89-1256",,"http://www12.plala.or.jp/porto/","居宅訪問型児童発達支援","ぽると","ぽると","1850100056","福井県福井市","八重巻中町25-8","0776-89-1256",,"http://www12.plala.or.jp/porto/",36.10498135,136.22276615,"09:00-17:00","","","","日曜日、原則として隔週月、木曜日",,
"18201","A0000013886","福井市","一般社団法人ＯｒａｎｇｅＫｉｄｓ’ＣａｒｅＬａｂ．","いっぱんしゃだんほうじんおれんじきっずけあらぼ","6210005009514","福井県福井市","灯明寺３丁目３５１１なし","0776-21-3339","0776-21-3339","http://carelab.jp","居宅訪問型児童発達支援","ＯｒａｎｇｅＫｉｄｓ’ＣａｒｅＬａｂ．","おれんじきっずけあらぼ","1850101740","福井県福井市","灯明寺３丁目３５１１","0776-21-3339","0776-21-3339","http://carelab.jp",36.09793459,136.21187869,"09:00-17:00","","","","土日、祝日、12/29〜1/3",,
"18000","A0000061118","福井県","株式会社やまちゃん","かぶしきがいしゃやまちゃん","6210001017066","福井県敦賀市","堂50号１番地の4","080-6350-7481","","","居宅訪問型児童発達支援","NEST　Care","ねすとけあ","1850200450","福井県敦賀市","中央町１丁目9-4","070-4126-0190",,,35.64391093,136.05821812,"","","","",,,
"18201","A0000075480","福井市","株式会社やまちゃん","やまちゃん","6210001017066","福井県敦賀市","堂５０号１番地の４","080-6350-7481","","","居宅訪問型児童発達支援","ＮＥＳＴ　Ｃａｒｅ福井店","ねすとけあふくいてん","1850102417","福井県福井市","大和田２丁目４１８エルパプラス２Ｆ","070-8902-0884","0776-63-5583",,36.09487824,136.24873022,"","","","",,,
"18000","A0000061149","福井県","株式会社ふらむはぁとリハビリねっと","かぶしきがいしゃふらむはあとりはびりねっと","4210002014270","福井県小浜市","南川町12番13号","0770-53-3028","0770-53-3018",,"居宅訪問型児童発達支援","小浜市母と子の家児童発達支援センター","おばましははとこのいえじどうはったつしえんせんたー","1850300029","福井県小浜市","後瀬町１番５号","0770-53-2603","0770-64-5150","https://cokouta2020.wixsite.com/obama",35.49366511,135.74804125,"","","","","土・日曜日",,
"18000","A0000070919","福井県","特定非営利活動法人はぁもにぃ永平寺","とくていひえいりかつどうほうじんはあもにいえいへいじ","6210005009472","福井県吉田郡永平寺町","松岡吉野堺18-5-1","0776-61-0258","0776-50-1030","http://harmonyeiheiji.wixsite.com/harmony","居宅訪問型児童発達支援","重症心身障がい児者福祉サービス事業所　はぁもにぃ","じゅうしょうしんしんしょうがいじしゃふくしさーびすじぎょうしょはあもにい","1851000040","福井県吉田郡永平寺町","松岡吉野堺18-5-1","0776-61-0258","0776-50-1030","http://harmonyeiheiji.wixsite.com/harmony",36.08652881,136.29459813,"10:30-13:30","","","","土、日、国民の祝日、年末年始その他事業所が定める日",,
"20201","A0000029620","長野市","社会福祉法人長野市社会事業協会","しゃかいふくしほうじんながのししゃかいじぎょうきょうかい","5100005001689","長野県長野市","若里６丁目６番14号","026-217-7800","026-217-7824","https://nagano-shajikyo.or.jp/","居宅訪問型児童発達支援","児童発達支援センターにじいろキッズらいふ","じどうはったつしえんせんたーにじいろきっずらいふ","2050100037","長野県長野市","若里6丁目6番14号","026-219-3780","026-223-6011","https://nagano-shajikyo.or.jp/n-k-life/",36.62688291,138.19339311,"09:30-16:00","","","","土日、国民の祝日に関する法律に規定する休日、年末年始。",,
"20202","A0000021042","松本市","特定非営利活動法人こすもけあ福祉会","とくていひえいりかつどうほうじん","8100005002057","長野県長野市","川中島町今里87-6","0263-88-0028","0263-88-0027","http://ccare.jp","居宅訪問型児童発達支援","多機能型事業所　雲のポッケ","たきのうがたじぎょうしょくものぽっけ","2050200472","長野県松本市","今井字原田2616番地1","0263-88-0028","0263-88-0027","http://ccare.jp",36.23805990,137.97201400,"09:00-16:00","","","","土日祝日、12月29日〜1月3日",,
"20202","A0000030261","松本市","合同会社アーチ","ごうどうがいしゃあーち","6100003004759","長野県松本市","南原二丁目2番5-1号","0263-87-0445","0263-87-0446",,"居宅訪問型児童発達支援","そだちえ","そだちえ","2050200399","長野県松本市","南原二丁目2番5-1号","0263-87-0445","0263-87-0446",,36.21172351,137.94514554,"10:00-18:00","09:00-15:00","","","第２・４土曜日、日曜日、祝日、お盆、年末年始、学校長期休暇時",,
"20000","A0000021086","長野県","社会福祉法人カルディア会","しゃかいふくしほうじんかるでぃあかい",,"長野県上田市","蒼久保５５８番地","0268-71-5445","0268-35-0221","http://www12.ueda.ne.jp/~karudia-1976/","居宅訪問型児童発達支援","上田いずみ園","うえだいずみえん","2050300025","長野県上田市","蒼久保558","0268-35-0339","0268-35-0221","http://www12.ueda.ne.jp/~karudia-1976/",36.38934912,138.29035790,"09:00-15:00","","","","土曜、日曜、祝日",,
"20000","A0000026346","長野県","飯田市","いいだし","2000020202053","長野県飯田市","大久保町2534","0265-22-4511",,"https://www.city.iida.lg.jp/","居宅訪問型児童発達支援","飯田市こども発達センターひまわり","いいだしこどもはったつせんたーひまわり","2050500020","長野県飯田市","松尾新井5933-2","0265-23-6097","0265-23-6091",,35.50103561,137.85056614,"09:00-15:00","","","","土曜日、日曜日、祝祭日、12/29〜1/3",,
"20000","A0000024287","長野県","有限会社中部エンジニア","ゆうげんがいしゃちゅうぶえんじにあ",,"長野県安曇野市","三郷温4952","0263-77-4130","0263-77-6030",,"居宅訪問型児童発達支援","あおぞらnobi","あおぞらのび","2054000159","長野県安曇野市","三郷温6084-1","0263-77-7320","0263-77-7320",,36.26626502,137.88181772,"09:00-14:00","","","","日曜・祭日．１２／２９から１／３．８／１１から８／１５",,
"20000","A0000056507","長野県","特定非営利活動法人四季","とくていひえいりかつどうほうじんしき","5100005003925","長野県北佐久郡軽井沢町","大字長倉785-1","0267-31-6293","0267-31-6293",,"居宅訪問型児童発達支援","にじいろポケット","にじいろぽけっと","2052100084","長野県北佐久郡軽井沢町","長倉2350-22","0267-41-6133","0267-41-6133",,36.34872047,138.59924596,"","","","",,,
"20000","A0000050917","長野県","社会福祉法人信濃こぶし会","しゃかいふくしほうじんしなのこぶしかい","710000501001 ","長野県下伊那郡豊丘村","神稲4026-1","0265-35-8511","0265-35-9016","https://kobushikai.or.jp/","居宅訪問型児童発達支援","障害児通所支援事業所パドルダッククラブ","しょうがいじつうしょしえんじぎょうしょぱどるだっくくらぶ","2052500028","長野県下伊那郡喬木村","小川933番地３","0265-33-5288","0265-48-6563","https://kobushikai.or.jp",35.51368470,137.87369935,"09:30-15:00","","","","土曜日、日曜日",,
"21201","A0000036918","岐阜市","医療法人社団折居医院","いりょうほうじんしゃだんおりいいいん","7200005002758","岐阜県岐阜市","鷺山北町８−３８","058-232-7800","058-232-2611",,"居宅訪問型児童発達支援","障がい福祉施設こぱんだ","しょうがいふくししせつこぱんだ","2150101109","岐阜県岐阜市","鷺山北町8-20","0582156180","0582156550",,35.45138803,136.75415080,"09:00-17:00","","","","土、日、祝日",,
"21201","A0000036911","岐阜市","株式会社みーおん","かぶしきがいしゃみーおん","1200001032599","岐阜県岐阜市","津島町６丁目３６番地２","058-233-8088","058-296-4113","http://mi-on.jp/","居宅訪問型児童発達支援","みーおんの森","みーおんのもり","2150100697","岐阜県岐阜市","津島町6丁目36番地2","058-233-8088","058-296-4113","",35.43568765,136.75962832,"10:00-17:00","10:00-16:00","","","日、祝日と事業所が定めた日",,
"21000","A0000044864","岐阜県","リンクアッシュ株式会社","りんくあっしゅかぶしきかいしゃ","9180001105689","岐阜県大垣市","外渕２丁目１５７番地２　セジュール近藤（南側）１０７","0584-84-2211","0584-84-2210","http://link-h.co.jp","居宅訪問型児童発達支援","オモイダマ","おもいだま","2152100380","岐阜県大垣市","米野町1-115","0584-84-7070","0584-84-7071","http://link-h.co.jp",35.33658372,136.62880461,"","","","",,,
"21000","A0000061151","岐阜県","社会福祉法人清風会","しゃかいふくしほうじんせいふうかい","4200005008130","岐阜県美濃加茂市","蜂屋町伊瀬５４０番地１","0574-24-2125","0574-24-2128","","居宅訪問型児童発達支援","こどもみらい園ぽぽらす","こどもみらいえんぽぽらす","2151200108","岐阜県美濃加茂市","加茂野町市橋字稲葉578−2","0574-66-6000","0574-66-6001","",35.44023400,137.01563330,"10:00-16:00",,"","","日曜、祝日",,
"21000","A0000024087","岐阜県","郡上市","ぐじょうし","4000020212199","岐阜県郡上市","八幡町島谷２２８","0575-67-1121","0575-67-1711","https://www.city.gujo.lg.jp/","居宅訪問型児童発達支援","郡上市南部子ども発達支援センターひまわり","ぐじょうしなんぶこどもはったつしえんせんたーひまわり","2151000060","岐阜県郡上市","八幡町小野6-2-5","0575-65-5967","0575-65-6180",,35.75652354,136.97051413,"09:00-17:00","","","","土日祝日、年末年始","指導時間については、利用者と相談のうえ決定します。",
"21000","A0000024088","岐阜県","郡上市","ぐじょうし","4000020212199","岐阜県郡上市","八幡町島谷２２８","0575-67-1121","0575-67-1711","https://www.city.gujo.lg.jp/","居宅訪問型児童発達支援","郡上市北部子ども発達支援センターたんぽぽ","ぐじょうしほくぶこどもはったつしえんせんたーたんぽぽ","2151000052","岐阜県郡上市","白鳥町白鳥359-25","0575-82-3116","0575-82-3116",,35.88753171,136.86098203,"09:00-17:00","","","","土日祝日、年末年始","指導時間については、利用者と相談のうえ決定します。",
"21000","A0000045168","岐阜県","下呂市","げろし",,"岐阜県下呂市","森９６０","0576-24-2222","0576-25-3250",,"居宅訪問型児童発達支援","萩原さくらんぼ教室","はぎわらさくらんぼきょうしつ","2152800013","岐阜県下呂市","萩原町萩原６００−１","0576-52-4848","0576-52-4366","",35.87295519,137.21433399,"","","","",,,
"22100","A0000040517","静岡市","認定ＮＰＯ法人活き生きネットワーク","にんていえぬぴーおーほうじんいきいきねっとわーく","4080005001552","静岡県静岡市葵区","安東１丁目２３−１２なし","054-209-0700","054-209-5700","http://npo-ikiiki.net/","居宅訪問型児童発達支援","のびっこハウス","のびっこはうす","2254200419","静岡県静岡市葵区","長谷町２４番地","054-200-1517","054-209-5700","http://npo-ikiiki.net/",34.98471077,138.38140366,"08:30-17:30","","","","土曜日曜・年末年始","24時間電話対応可能",
"22100","A0000085733","静岡市","特定非営利活動法人ぴゅあ","とくていひえいりかつどうほうじんぴゅあ","9080005006407","静岡県静岡市駿河区","登呂３丁目３番１号","054-204-5930","054-204-5931","https://pure2011pure.org/","居宅訪問型児童発達支援","こども発達支援　ぴぴ","こどもはったつしえんぴぴ","2254230408","静岡県静岡市駿河区","登呂三丁目３番１号","054-204-5930","054-204-5931",,34.95928643,138.40554923,"","","","",,,
"22000","A0000059929","静岡県","社会福祉法人聖隷福祉事業団","しゃかいふくしほうじんせいれいふくしじぎょうだん","8080405000142","静岡県浜松市中区","元城町218番地26","053-413-3300","053-413-3314","http://www.seirei.or.jp/hq/","居宅訪問型児童発達支援","聖隷こども発達支援事業所かるみあ富丘","せいれいこどもはったつしえんじぎょうしょかるみあとみおか","2256900263","静岡県磐田市","富丘677-1","0538-36-0606","0538-36-0655",,34.73044516,137.84291343,"","","","","土日祝　12月29日から1月3日",,
"22130","A0000018738","浜松市","浜松市（指定管理者：浜松市社会福祉事業団）","はままつししていかんりしゃはままつししゃかいふくしじぎょうだん","3000020221309","静岡県浜松市中区","元城町１０３−２","053-457-2034","053-457-2630","https://hamamatsu-social-welfare.org/","居宅訪問型児童発達支援","児童発達支援センター「ひまわり」","じどうはったつしえんせんたーひまわり","2257260014","静岡県浜松市浜北区","高薗775-1","053-586-8802",,,34.77796162,137.81538310,"08:30-17:15","","","","土日祝日、年末年始",,
"22000","A0000041039","静岡県","株式会社デイベンロイ","かぶしきがいしゃでいべんろい","2261190165   ","静岡県沼津市","大諏訪字八反田534番地","055-921-3632",,"http://www.davenroy.co.jp/carer.html","居宅訪問型児童発達支援","地球のかけら","ほしのかけら","2251100323","静岡県沼津市","東椎路字中尾1640-1","08046777809",,,35.09558670,138.86349220,"","","","",,,
"22000","A0000010215","静岡県","富士市","ふじし","200020222101 ","静岡県富士市","永田町1丁目100番地","0545-51-0123","0545-53-0151","https://www.city.fuji.shizuoka.jp/","居宅訪問型児童発達支援","富士市立こども発達センターみはら園","ふじしりつこどもはったつせんたーみはらえん","2252200098","静岡県富士市","伝法85","0545-21-2010","0545-21-9481",,35.18655081,138.68076036,"08:30-17:15","","","","土・日・祝日","12月29日〜1月3日休業",
"22000","A0000018598","静岡県","実り","みのり","1080005007049","静岡県焼津市","上泉612番地の189Ｇift","054-662-0669","054-662-0669",,"居宅訪問型児童発達支援","多機能型居宅訪問型児童発達支援Ｇｉｆｔ","たきのうがたきょたくほうもんがたじどうはったつしえんぎふと","2255100212","静岡県焼津市","上泉612番地の189Gift","054-662-0669","054-662-0669",,34.81551417,138.25177939,"09:00-17:00","09:00-17:00","","","日曜日及び祝日","日曜日及び祝日",
"22000","A0000085983","静岡県","株式会社コミュニティリハビリテーション","かぶしきがいしゃこみゅにてぃりはびりてーしょん","1080401025298","静岡県掛川市","秋葉路４番地の14","0537-21-1635","0537-21-1635","https://com-reha.com/corporate/","居宅訪問型児童発達支援","居宅訪問型児童発達支援　ウェルスマイル","きょたくほうもんがたじどうはったつしえんうぇるすまいる","2257400289","静岡県掛川市","板沢864-１","0537-54-2119",,,34.76876628,137.99816747,"09:00-12:00","","","",,,
"23100","A0000032057","名古屋市","特定非営利活動法人ひろがり","とくていひえいりかつどうほうじんひろがり","180005014256 ","愛知県名古屋市港区","名四町183番地3","052-364-7880","052-364-8016","https://hirogari28.web.fc2.com/","居宅訪問型児童発達支援","重症児デイサービス　ひろがり１くみ","じゅうしょうじでいさーびすひろがりいちくみ","2351200064","愛知県名古屋市港区","名四町１８３番３","052-364-7880","052-364-8016","https://hirogari28.web.fc2.com/",35.09806794,136.86831890,"11:00-17:00","10:00-16:00","","10:00-16:00","日曜日、月1〜2回土曜日",,
"23201","A0000058383","豊橋市","医療法人里童","いりょうほうじんさとわらべ","4180305008956","愛知県豊橋市","吉川町61番地","0532-34-3313","0532-34-3323","https://satowarabe.com","居宅訪問型児童発達支援","そわら","そわら","2355100906","愛知県豊橋市","吉川町61番地","0532-34-3313","0532-34-3323",,34.77247524,137.36713714,"","","","",,,
"23201","A0000036927","豊橋市","豊橋市","とよはしし","3000020232017","愛知県豊橋市","今橋町１番地","0532-51-2315","0532-56-5133","https://www.city.toyohashi.lg.jp","居宅訪問型児童発達支援","豊橋市こども発達センター","とよはししこどもはったつせんたー","2355100013","愛知県豊橋市","中野町字中原100番地","0532-39-9200","0532-47-0911","http://www.hattatsu-center.jp",34.73337121,137.37111309,"09:30-16:30","","","","日、月、祝休日、年末年始",,
"23000","A0000037968","愛知県","半田市","はんだし","1000020230006","愛知県半田市","東洋町２丁目１番地半田市役所","0569-21-3111","0569-23-4162","https://www.city.handa.lg.jp/kosodatesoudan/tsukushigakuen/tsukushigakuen.html","居宅訪問型児童発達支援","半田市児童発達支援センター　半田市立つくし学園　居宅訪問型児童発達支援事業所","はんだしじどうはったつしえんせんたーはんだしりつつくしがくえんきょたくほうもんがたじどうはったつしえんじぎょうしょ","2358200133","愛知県半田市","東洋町３丁目２３番地","0569-21-6049","0569-21-6049","https://www.city.handa.lg.jp/kosodatesoudan/tsukushigakuen/tsukushigakuen.html",34.89086812,136.94008252,"09:00-13:00","","","","土曜日、日曜日、祝日、年末年始",,
"23000","A0000087737","愛知県","株式会社ちゃんと","かぶしきがいしゃちゃんと","1180001150817","愛知県春日井市","六軒屋町六丁目９２番地","0568-40-3809","0568-40-3809","https://chanto-k.com/","居宅訪問型児童発達支援","こどもデイサービスつむぎ","こどもでいさーびすつむぎ","2357501333","愛知県春日井市","六軒屋町六丁目９２番地","0568-40-3806","0568-40-3806",,35.25858658,136.97919160,"10:00-14:30","","","10:00-14:30","当社カレンダーに準ずる　",,
"23000","A0000027385","愛知県","合同会社祐愛","ごうどうかいしゃゆうあい","0180303003539","愛知県碧南市","新川町四丁目10番地","0566-93-1351","0566-93-1352","http://www.rihakuru.co.jp","居宅訪問型児童発達支援","りはくる","りはくる","2353200062","愛知県碧南市","新川町４丁目１０番地","0566-93-1351","0566-93-1352","http://www.rihakuru.co.jp",34.89654133,136.98842223,"09:30-16:30","","","","日曜日",,
"24000","A0000027077","三重県","四日市市","よっかいちし","6000020242021","三重県四日市市","諏訪町１番５号","059-354-8104",,"http://www.city.yokkaichi.lg.jp/www/index.html","居宅訪問型児童発達支援","居宅訪問型児童発達支援事業所四日市市立あけぼの学園","きょたくほうもんがたじどうはったつしえんじぎょうしょよっかいちしりつあけぼのがくえん","2450200049","三重県四日市市","下海老町185番地1","059-325-4121","059-325-4122","http://www.city.yokkaichi.lg.jp/www/genre/1000100000223/index.html",35.02038521,136.57609330,"09:00-17:15","","","","土・日曜日、国民の祝日に関する法律に定める休日、12月29日から翌年1月3日まで",,
"24000","A0000042441","三重県","社会福祉法人恩賜財団済生会支部三重県済生会","しゃかいふくしほうじんおんしざいだんさいせいかいしぶみえけんさいせいかい","3010405001696","三重県松阪市","朝日町１区１５−６","0598-51-2626","0598-51-6557","http://www.meiwa-saiseikai.jp","居宅訪問型児童発達支援","済生会明和病院なでしこ障害児通所支援事業所","さいせいかいめいわびょういんなでしこしょうがいじつうしょしえんじぎょうしょ","2452700020","三重県多気郡明和町","上野４３５","0596-53-0010","0596-53-0010",,34.53131973,136.63018178,"09:00-17:00","","","","土・日・国民の祝日に関する法律に規程する休日。年末年始12月30日から1月3日",,
"24000","A0000056909","三重県","社会福祉法人桑名市社会福祉協議会","しゃかいふくしほうじんくわなししゃかいふくしきょうぎかい","4190005008446","三重県桑名市","常盤町５１番地","0594-22-8218","0594-23-5079","http://www.kuwana-shakyo.com/","居宅訪問型児童発達支援","児童発達支援センター　らいむの丘","じどうはったつしえんせんたーらいむのおか","2450100322","三重県桑名市","星川2239-1","0594-41-3827","0594-41-3828","http://www.kuwana-shakyo.com/",35.06648911,136.62878239,"08:50-17:00","","","","土曜日、日曜日、祝日、年末年始",,
"24000","A0000024676","三重県","社会福祉法人鈴鹿市社会福祉協議会","しゃかいふくしほうじんすずかししゃかいふくしきょうぎかい","4190005004065","三重県鈴鹿市","神戸地子町３８３番地の１","059-382-5971","059-382-7330","http://www.suzuka-shakyo.or.jp","居宅訪問型児童発達支援","鈴鹿市第１療育センター","すずかしだいいちりょういくせんたー","2450300088","三重県鈴鹿市","西条五丁目１１８‐３","059-382-3055","059-382-3065","https://www.suzuka-shakyo.or.jp",34.87786804,136.56992138,"09:00-17:00","","","","土・日曜日、国民の祝日に関する法律に規定する休日、１２月２９日から翌年１月3日",,
"24000","A0000051859","三重県","一般社団法人　おせっかいLabo","いっぱんしゃだんほうじんおせっかいらぼ","190005011410 ","三重県員弁郡東員町","笹尾東一丁目３０番３","0594-41-4281","0594-41-4281","http://www.co-no-te.com/","居宅訪問型児童発達支援","このて","このて","2452100072","三重県員弁郡東員町","笹尾東一丁目３０−３","0594-41-4281","0594-41-4281","https://www.co-no-te.com/",35.09378605,136.59784309,"09:00-12:30","","","","土日・祝日・年末年始・お盆","居宅訪問型児童発達支援は、毎月第1，4木曜日を除く",
"24000","A0000057340","三重県","特定非営利活動法人いろ葉","とくていひえいりかつどうほうじんいろは","9190005011065","三重県度会郡玉城町","勝田1357-1","0596-58-7100","0596-58-7100","https://iroha-mie.com","居宅訪問型児童発達支援","多気郡地域児童発達支援センター","たきぐんちいきじどうはったつしえんせんたー","2452700160","三重県多気郡明和町","佐田633","0596-34-7381","050-3142-2114","https://iroha-mie.com",34.56128276,136.62404779,"09:00-16:00","","","","土曜日、日曜日、祝日",,
"24000","A0000091249","三重県","特定非営利活動法人いろ葉","とくていひえいりかつどうほうじんいろは","9190005011065","三重県度会郡玉城町","勝田1357-1","0596-58-7100","0596-58-7100","https://iroha-mie.com","居宅訪問型児童発達支援","こどもライフサポートいろ葉","こどもらいふさぽーといろは","2452800101","三重県度会郡玉城町","勝田1357-1","0596-58-7100","050-3142-2114","https://iroha-mie.com",34.48630888,136.63312335,"09:00-15:00","","","","土日祝、年末年始",,
"25201","A0000037984","大津市","大津市","おおつし","9000020252018","滋賀県大津市","御陵町３番１号","077-527-0479","077-527-0135",,"居宅訪問型児童発達支援","（やまびこ総合支援センター内）やまびこ園・教室","やまびこそうごうしえんせんたーないやまびこえんきょうしつ","2550100016","滋賀県大津市","馬場二丁目13番50号","077-527-0479","077-527-0135",,35.00018914,135.87836899,"10:00-16:30","","","",,,
"25000","A0000081051","滋賀県","社会福祉法人道","しゃかいふくしほうじんみち","1160005011034","滋賀県彦根市","高宮町907番地1","0749-49-2531","0749-49-2532","https://www:hikone-morino-ouchi.or.jp","居宅訪問型児童発達支援","多機能型重症児者等デイサービスふぁみりぃ","たきのうがたじゅうしょうじしゃとうでいさーびすふぁみりぃ","2550200352","滋賀県彦根市","高宮町907番地1","0749-49-2531","0749-49-2532","https://hikone-morino-ouchi.or.jp",35.23828452,136.26234863,"09:00-15:00","","","","土日祝及び8/15，12/29〜1/3",,
"25000","A0000062298","滋賀県","株式会社びわこナーシング","かぶしきがいしゃびわこなーしんぐ","3160001018262","滋賀県草津市","追分南六丁目9-15","077-514-1539","","","居宅訪問型児童発達支援","多機能障がい児通所支援オリーブのねっこ","たきのうしょうがいじつうしょしえんおりーぶのねっこ","2550700252","滋賀県守山市","守山六丁目8-15-2","077-582-0877",,,35.06273064,135.99595896,"","","","",,,
"25000","A0000019686","滋賀県","草津市","くさつし","7000020252069","滋賀県草津市","草津3丁目13番30号","077-563-1234","077-561-2483","http://www.city.kusatsu.shiga.jp/kosodate/kosodatesodan/hattatsushien/gyomu.html","居宅訪問型児童発達支援","草津市発達支援センター","くさつしはったつしえんせんたー","2550600031","滋賀県草津市","西渋川2-9-38","077-569-0353","077-566-5144",,35.03036473,135.96466549,"08:30-17:15","","","","土曜日、日曜日、祝日",,
"26000","A0000093663","京都府","京都府社会福祉事業団","きょうとふしゃかいふくしじぎょうだん","2000020260002","京都府京都市上京区","下立売通新町西入藪之内町","075-414-4596","075-414-4597","https://ksj.or.jp/","居宅訪問型児童発達支援","京都府立こども発達支援センター","きょうとふりつこどもはったつしえんせんたー","2653200077","京都府京田辺市","田辺茂ヶ谷186-1","0774-64-6141","0774-64-6151","https://ksj.or.jp/",34.81323357,135.75726221,"09:30-16:00","","","","土日、祝日　その他　お盆休み、年末年始など",,
"26000","A0000025870","京都府","社会福祉法人花ノ木","しゃかいふくしほうじんはなのき","1130005007902","京都府亀岡市","大井町小金岐北浦３７−１","0771-23-0701","0771-22-8348","https://kyoto-hananoki.jp/","居宅訪問型児童発達支援","花ノ木児童発達支援センター","はなのきじどうはったつしえんせんたー","2651600047","京都府亀岡市","千代川町湯井巽筋２２番地","0771-23-0701","0771-22-8348","https://kyoto-hananoki.jp/",35.04190293,135.54281773,"09:00-17:45","","","","土曜、日曜、国民の祝日、年末年始、夏期休業日を除く",,
"26000","A0000074425","京都府","社会福祉法人みねやま福祉会","しゃかいふくしほうじんみねやまふくしかい","4130005010886","京都府京丹後市","峰山町呉服10","0772-69-5005","0772-62-7722","http://www.mineyama-fukusikai.jp","居宅訪問型児童発達支援","児童発達相談支援事業所さつき園","じどうはったつそうだんしえんじぎょうしょさつきえん","2653300075","京都府京丹後市","峰山町五箇１２−１","0772628023","0772-62-7665","https://www.mineyama-fukusikai.jp",35.58843157,135.03640259,"","","","","日、月、祝日",,
"28202","A0000083487","尼崎市","合同会社エスポワール","ごうどうがいしゃえすぽわーる","5120003015813","大阪府大阪市西淀川区","柏里２丁目２番７号１Ｆ","06-6473-7750","","","居宅訪問型児童発達支援","総合支援センターエスポワール尼崎","そうごうしえんせんたーえすぽわーるあまがさき","2853002281","兵庫県尼崎市","杭瀬本町２−5−24プレステージ藤田１階","0664397667","06-6439-7668","https://espoir0531.com/",34.71983569,135.43772317,"10:30-16:00","10:30-16:00","","","日、祝、12月26日〜1月3日・8月12日〜15日",,
"27100","A0000052444","大阪市","株式会社ミチタリテ","かぶしきがいしゃみちたりて","1120001229633","大阪府大阪市旭区","中宮一丁目１番２号","06-7777-4158","06-7777-4158",,"居宅訪問型児童発達支援","あんじゅすまいる","あんじゅすまいる","2753120340","大阪府大阪市旭区","中宮一丁目１番２号城北筋ロードサイドテナント１階","06-6955-3232","06-7639-6152","https://ange-smile.com",34.72122379,135.53879756,"10:00-13:00","","","","火〜日",,
"27100","A0000085379","大阪市","ジャズケア合同会社","じゃずけあごうどうがいしゃ","2120003019932","大阪府大阪市平野区","平野宮町二丁目２番３０号","080-3840-8090","06-6704-9229","http://yumenote.vhn.jp/","居宅訪問型児童発達支援","ユメノート","ゆめのーと","2755820673","大阪府大阪市平野区","西脇一丁目８番１号","080-3840-8090","06-6704-9229",,34.63055331,135.54531256,"13:30-17:30","10:00-14:45","10:00-14:45","10:00-14:45","不定休",,
"27000","A0000005613","大阪府","社会福祉法人　大阪府肢体不自由者協会","しゃかいふくしほうじんおおさかふしたいふじゆうしゃきょうかい","9120005002517","大阪府大阪市中央区","法円坂一丁目1番35号　アネックスパル法円坂内","06-6940-4181","06-6943-4661","http://www.daishikyo.or.jp","居宅訪問型児童発達支援","障がい児通所支援北摂ぴょんぴょん教室","しょうがいじつうしょしえんほくせつぴょんぴょんきょうしつ","2753720073","大阪府摂津市","正雀本町二丁目21番1号イー・ティー・ワンビル2階","06-6155-6503","06-6155-65010","http://www.daishikyo.or.jp",34.77420372,135.55136184,"09:30-17:00","","","","土曜日　日曜日　祝日",,
"27215","A0000005619","寝屋川市","社会福祉法人　大阪府肢体不自由者協会","しゃかいふくしほうじんおおさかふしたいふじゆうしゃきょうかい","9120005002517","大阪府大阪市中央区","法円坂一丁目1番35号　アネックスパル法円坂内","06-6940-4181","06-6943-4661","http://www.daishikyo.or.jp","居宅訪問型児童発達支援","障がい児通所支援寝屋川ぴょんぴょん教室","しょうがいじつうしょしえんねやがわぴょんぴょんきょうしつ","2750320083","大阪府寝屋川市","早子町23番地2アドバンスねやがわ二号館","072-811-5901","072-811-5901","http://www.daishikyo.or.jp/pyonpyon.html",34.76333440,135.62152779,"09:00-17:00","","","","土曜日・日曜日・祝日",,
"27140","A0000015252","堺市","社会医療法人ペガサス","しゃかいいりょうほうじんぺがさす","6120105001173","大阪府堺市西区","浜寺船尾町東四丁244番地馬場記念病院","072-265-5558","072-265-6663","http://www.pegasus.or.jp","居宅訪問型児童発達支援","ペガサスレスパイトケアセンター","ぺがさすれすぱいとけあせんたー","2756320137","大阪府堺市西区","鳳北町１０丁７番地ペガサスセンタービル1階","072-262-0006","072-262-0056","",34.53499886,135.46396116,"09:00-17:00","","","","土日祝休み、年末年始12/31から1/3休み",,
"27000","A0000020180","大阪府","一般社団法人子どもの森","いっぱんしゃだんほうじんこどものもり","2120105008767","大阪府岸和田市","田治米町13番地の４","072-424-2872","072-424-2872","https://kodomonomori.business.site/","居宅訪問型児童発達支援","多機能型事業所子どもの森","たきのうがたじぎょうしょこどものもり","2751120334","大阪府岸和田市","田治米町13番地の４","072-424-2872","072-424-2872","https://kodomonomori.business.site/",34.46281225,135.42262979,"09:30-17:30","","","","土曜、日曜、祝日、年末年始(12/29〜1/3)","土曜、日曜、祝日、年末年始(12/29〜1/3)",
"27000","A0000079478","大阪府","株式会社　me","かぶしきがいしゃみー","6120901037940","大阪府高槻市","塚原二丁目20番15号","072-694-2226","072-694-2227","http://me-ri.jp","居宅訪問型児童発達支援","児童デイサービス　みのり","じどうでいさーびすみのり","2754220602","大阪府茨木市","別院町７番５号三友ビル３F302号","080-9402-1513","072-631-8124","http://me-ri.jp",34.81551923,135.57449254,"","","","",,,
"27207","A0000006591","高槻市","高槻市","たかつきし",,"大阪府高槻市","桃園町２番１号","072-686-3032","072-686-3531","http://www.city.takatsuki.osaka.jp/","居宅訪問型児童発達支援","高槻市立療育園","たかつきしりつりょういくえん","2750900025","大阪府高槻市","郡家本町5-3","072-681-6420","072-681-4059","http://takatsukishi.com/?page_id=17",34.85407096,135.59536169,"09:00-17:00","","","","土曜日、日曜日、祝日","土曜日、日曜日、祝日",
"27000","A0000101152","大阪府","株式会社オールケア大日","かぶしきがいしゃおーるけあだいにち","2120001222505","大阪府守口市","梶町一丁目4番14号2階/3階","06-6904-1010","06-6904-1011","https://www.allcare.co.jp","居宅訪問型児童発達支援","オールケア大日","おーるけあだいにち","2753220314","大阪府守口市","梶町一丁目４番14号2F/3F","06-6904-1010","06-6904-1011","http://www.allcare.co.jp",34.74783827,135.58591502,"13:30-17:30","10:00-16:00","10:00-16:00","10:00-16:00","重心：木曜日（長期休み・祝日以外木曜日は営業）",,
"27210","A0000005622","枚方市","株式会社くらし企画","かぶしきがいしゃくらしきかく","0120001184372","大阪府枚方市","高田2丁目２０番17号","072-852-0006","072-852-0006","https://kurashi-kikakuco.jp","居宅訪問型児童発達支援","こどもテラス","こどもてらす","2752420212","大阪府枚方市","釈尊寺町２５番３１−１０２","072-853-2280","072-853-2280","https://kodomoterasu.com",34.81433990,135.65065810,"10:00-14:00","","","","土曜日日曜日祝日",,
"27210","A0000028912","枚方市","枚方市","ひらかたし","8000020272108","大阪府枚方市","大垣内町２丁目１番２０号","072-841-1221","072-841-3039","https://www.city.hirakata.osaka.jp/0000036549.html","居宅訪問型児童発達支援","市立ひらかた子ども発達支援センター","しりつひらかたこどもはったつしえんせんたー","2752400024","大阪府枚方市","磯島北町３番２号","072-807-5373","072-898-4173","https://www.city.hirakata.osaka.jp/0000023441.html",34.82683295,135.64846368,"09:00-12:00","","","","国民の祝日に関する法律に規定する休日、12月29日〜1月3日まで",,
"27203","A0000069778","豊中市","有限会社　ケアプランセンターあき","ゆうげんがいしゃけあぷらんせんたーあき","7120902002067","大阪府茨木市","山手台三丁目30番30号","072-649-0635","072-649-0645","https://care-aki.com/","居宅訪問型児童発達支援","児童デイサービスPrimo","じどうでいさーびすぷりも","2754020226","大阪府豊中市","西泉丘三丁目７番１１０１号、１０２号","06-6867-1115","06-6867-1116",,34.78152933,135.48957302,"11:00-17:00","","","","土曜日、日曜日、祝日",,
"27212","A0000057887","八尾市","株式会社　まごころ","かぶしきかいしゃまごころ","4122001025547","大阪府八尾市","新家町７丁目１番６号メゾンキンキＵ１Ｆ","072-970-5533","072-970-5520","http://magokoro-care.com/","居宅訪問型児童発達支援","いろは","いろは","2755520497","大阪府八尾市","桂町二丁目79番地","072-926-1238","072-970-7719",,34.64695832,135.60619572,"","","","",,,
"27212","A0000061626","八尾市","八尾市","やおし",,"大阪府八尾市","本町一丁目１番１号","072-924-3838","072-922-4900","","居宅訪問型児童発達支援","八尾市立医療型児童発達支援センター","やおしりついりょうがたじどうはったつしえんせんたー","2755500028","大阪府八尾市","八尾木二丁目90番地","072-993-3154","072-996-2429","http://www.city.yao.osaka.jp/soshiki/5-10-0-0-0_1.html",34.61138460,135.61321531,"","","","",,,
"27215","A0000047457","寝屋川市","社会福祉法人 療育・自立センター","しゃかいふくしほうじんりょういくじりつせんたー","3120005013461","大阪府寝屋川市","大谷町7番1号","072-823-6287","072-824-1768","http://www.ryouiku-jiritsu.jp/","居宅訪問型児童発達支援","寝屋川市立あかつき園","ねやがわしりつあかつきえん","2750300044","大阪府寝屋川市","大谷町６番１号","072-823-6287","072-824-1768","http://www.akatsuki-hibari.jp",34.76223205,135.65695268,"09:00-17:00","","","","土・日・祝・年末年始",,
"27000","A0000071205","大阪府","株式会社ruson","かぶしきがいしゃるそん","5130001066312","大阪府松原市","天美東八丁目2番4号ハイツ藪内パートⅠ １階","072-321-9061","072-249-6172","https://ruson.jp","居宅訪問型児童発達支援","児童発達支援・放課後等デイサービス ekubo","じどうはったしえんほうかごとうでいさーびすえくぼ","2754820278","大阪府松原市","天美東八丁目2番4号ハイツ薮内パートⅠ １階","072-321-9061","072-249-6172","http://ruson.jp",34.58688569,135.53397587,"10:00-17:00","10:00-17:00","","","日・祝日　年末年始（12/29-1/3）",,
"27000","A0000025270","大阪府","合同会社イナツヒコ","ごうどうがいしゃいなつひこ",,"大阪府箕面市","小野原東三丁目５番３８号１０６号室","072-734-7922","072-734-7923","https://www.mino-hatsukaze.com","居宅訪問型児童発達支援","はつかぜ","はつかぜ","2751420114","大阪府箕面市","小野原東三丁目5番38号協栄箕面第2ハイツ106号室","072-734-7922","072-734-7923","http://mino-hatsukaze.com",34.83163788,135.51918343,"","","","",,,
"26100","A0000097718","京都市","株式会社メディケア・リハビリ","めでぃけありはびり","4120101032546","大阪府羽曳野市","羽曳が丘四丁目18番3号","0729312355","0729312730","https://www.medi-care.co.jp/","居宅訪問型児童発達支援","PARC（パルク）ウィル伏見","ぱるくうぃるふしみ","2650900760","京都府京都市伏見区","横大路貴船２６−２　グランヴィア貴船１階","0756041117","0756027177","https://parc.medi-care.co.jp/",34.92923787,135.73933378,"10:00-17:00","10:00-17:00","","10:00-17:00","日曜日・12/30〜1/3",,
"26000","A0000063086","京都府","株式会社メディケア・リハビリ","かぶしきがいしゃめでぃけありはびり","4120101032546","大阪府羽曳野市","羽曳が丘4丁目18番3号","072-931-2355","072-931-2730","http://kango.medi-care.co.jp/","居宅訪問型児童発達支援","ＰＡＲＣ(パルク)ウィル城陽","ぱるくうぃるじょうよう","2652800216","京都府城陽市","寺田樋尻１８−６１階","0774-74-8277","0774-74-8087","https://parc.medi-care.co.jp/",34.85253285,135.77025779,"09:00-18:00","09:00-18:00","","09:00-18:00","日曜日・12/30〜1/3",,
"27227","A0000050565","東大阪市","株式会社　メディケア・リハビリ","かぶしきがいしゃめでぃけありはびり","4120101032546","大阪府羽曳野市","羽曳が丘四丁目18番3号","072-931-2355","072-931-2730","https://www.medi-care.co.jp/","居宅訪問型児童発達支援","ＰＡＲＣ（パルク）ひがしおおさか","ぱるくひがしおおさか","2755020969","大阪府東大阪市","永和一丁目23番27号","06-4306-4957","06-4306-4958","https://www.parc.medi-care.co.jp/",34.65847019,135.57305943,"09:00-18:00","09:00-18:00","","09:00-18:00","日曜日、5月5日、8月13〜15日、12月29日〜1月3日",,
"27100","A0000049272","大阪市","株式会社メディケア・リハビリ","かぶしきがいしゃめでぃけありはびり","4120101032546","大阪府羽曳野市","羽曳が丘四丁目18番3号","072-931-2355","072-931-2730","http://kango.medi-care.co.jp/","居宅訪問型児童発達支援","ＰＡＲＣ（パルク）ふくしま","ぱるくふくしま","2750200145","大阪府大阪市福島区","吉野四丁目１０番２２号吉野Ｔビル２階","06-6450-8126","06-6450-8128","http://parc.medi-care.co.jp/",34.69095637,135.47137602,"09:00-18:00","09:00-18:00","","09:00-18:00","日曜日",,
"28204","A0000012049","西宮市","株式会社メディケア・リハビリ","かぶしきがいしゃめでぃけありはびり","4120101032546","大阪府羽曳野市","羽曳が丘四丁目18番3号","072-931-2355","072-931-2730","http://kango.medi-care.co.jp/","居宅訪問型児童発達支援","ＰＡＲＣ＋（パルクプラス）西宮","ぱるくぷらすにしのみや","2850901741","兵庫県西宮市","今在家町３番６号西宮ｉｎｇＢ．Ｌ８階","0798-22-8825",,"http://parc.medi-care.co.jp/",34.73613790,135.33923097,"09:00-18:00","","","09:00-18:00","火〜日曜日、5月5日、8月13〜15日、12月29日〜1月3日",,
"27100","A0000042796","大阪市","株式会社ノーサイド","かぶしきがいしゃのーさいど","7122001024793","大阪府東大阪市","荒川二丁目８番２６号","06-6736-1515","06-6736-1516","","居宅訪問型児童発達支援","ハチドリ　ノーサイド都島","はちどりのーさいどみやこじま","2755220429","大阪府大阪市都島区","都島本通二丁目２番１０号ヴィクトリーハウス盛都１階、２階","06-6928-8500","06-6928-8501","https://www.no-side-kaigo.com/",34.70132853,135.52780751,"","","","",,,
"27227","A0000003522","東大阪市","株式会社ノーサイド","かぶしきがいしゃのーさいど","7122001024793","大阪府東大阪市","荒川二丁目８番２６号","06-6736-1515","06-6736-1516","","居宅訪問型児童発達支援","放課後等デイサービス　ノーサイド","ほうかごとうでいさーびすのーさいど","2755020159","大阪府東大阪市","西石切町5-2-17ルクソール石切1F","072-986-8811",,,34.68179089,135.63699520,"","","","",,,
"27000","A0000078487","大阪府","特定非営利活動法人　地域福祉創造協会ウインク","とくていひえいりかつどうほうじんちいきふくしそうぞうきょうかいういんく","4120105007461","大阪府泉南市","信達大苗代249番地本部事務局","072-475-0556","072-475-1556","http://wincnpo.wix.com/kokoro","居宅訪問型児童発達支援","こころ福祉サービスセンター","こころふくしさーびすせんたー","2755620024","大阪府泉南市","信達大苗代252番地なし","072-474-9556","072-474-8556","http://wincnpo.wix.com/kokoro",34.37388704,135.29054843,"09:30-17:30","09:30-17:30","00:00-00:00","00:00-00:00","土曜日、日曜日、祝日、年末年始、夏季","送迎時間等を除外。",
"28100","A0000049073","神戸市","株式会社ILLUMINATE","いるみねいと","2140001110393","兵庫県神戸市東灘区","本山中町四丁目18番14号イースト神戸本山201号","078-413-5828","078-413-5828","https://illuminate-kobe.co.jp","居宅訪問型児童発達支援","発達支援ゆず　本山ルーム","はったつしえんゆずもとやまるーむ","2850100039","兵庫県神戸市東灘区","本山中町四丁目18番14号イースト神戸本山201号","078-413-5828","078-413-5828",,34.72682973,135.27884462,"","","","",,,
"28100","A0000073687","神戸市","株式会社PLAST","かぶしきがいしゃぷらすと","7140001096546","兵庫県神戸市長田区","腕塚町4−2−1","078-786-3074","078-786-3075","http://plast-project.jp/","居宅訪問型児童発達支援","ヒミツキチ","ひみつきち","2850600053","兵庫県神戸市長田区","久保町6-1-1-115-2","078-611-9010","078-611-9011",,34.66601250,135.15083170,"09:00-17:00","","","09:00-17:00",,,
"28201","A0000024858","姫路市","有限会社　ハーティ","ゆうげんがいしゃはーてぃ","5140002027774","兵庫県神戸市長田区","駒ケ林町4-19-6","078-754-7177","078-754-7166","http://www.hearty810.co.jp/","居宅訪問型児童発達支援","障害児通所支援　ハーティKids","しょうがいじつうしょしえんはーてぃきっず","2854001589","兵庫県姫路市","網干区和久107-1","079-280-8177","079-271-3339","http://hearty810.co.jp/gr/kids.html",34.80983213,134.58603991,"09:00-17:00","","","","土日祝日、８月１３日〜１５日、１２月３０日〜１月３日",,
"28201","A0000048457","姫路市","特定非営利活動法人姫路心身障害市民懇話会","ひめじしんしんしょうがいしみんこんわかい","7140005013555","兵庫県姫路市","白鳥台１丁目２６番１号","079-267-1700","079-267-1799","http://www.npo-s.net","居宅訪問型児童発達支援","多機能型事業所　つむぎ","たきのうがたじぎょうしょつむぎ","2854001696","兵庫県姫路市","姫路市","079-267-1700",,"http://npo-s.net",34.81514880,134.68535480,"09:30-16:00","09:30-16:00","","","日曜日、国民の祝日、８月１３日〜１５日、１２月２９日〜１月３日",,
"28201","A0000089074","姫路市","有限会社　もものは","ゆうげんかいしゃもものは","7140002038828","兵庫県姫路市","西庄甲384-1","079-260-7014","079-260-7013","https://momonoha.jp/","居宅訪問型児童発達支援","もものこ","もものこ","2854001555","兵庫県姫路市","西庄甲３８４番地１","079-269-8070","079-260-7013",,34.83052743,134.66460090,"","","","",,,
"28201","A0000031169","姫路市","姫路市","ひめじし","1000020282014","兵庫県姫路市","安田４−１","079-288-7122","079-224-3173","https://www.city.himeji.lg.jp/","居宅訪問型児童発達支援","姫路市立白鳥園","ひめじしりつはくちょうえん","2854000029","兵庫県姫路市","増位新町二丁目３７番地","079-288-7122","079-224-3173","https://www.city.himeji.lg.jp/soshiki/6-1-7-0-0_1.html",34.85886919,134.70954848,"09:00-17:00","","","","土日祝日","サービス提供所要時間は平均1時間程度。状況に応じて対応します。",
"28202","A0000011787","尼崎市","合資会社ケアスタッフサービス","ごうしかいしゃけあすたっふさーびす","4140003008188","兵庫県尼崎市","西立花町１丁目１０番１９号","06-4869-6422","03-6862-7418","http://daymikan.sakura.ne.jp/","居宅訪問型児童発達支援","就労就学支援型みかん","しゅうろうしゅうがくがたみかん","2853001077","兵庫県尼崎市","武庫之荘２−３１−１０−１０２","06-6415-6305",,,34.75966648,135.38739596,"09:30-16:00","09:30-16:00","","","8/13〜15、12/29~1/3",,
"28204","A0000040992","西宮市","メルク株式会社","めるくかぶしきがいしゃ","4140001072269","兵庫県西宮市","名次町４−３２","0798-73-0378","0798-73-0388","http://www.merck-tsubasa.co.jp","居宅訪問型児童発達支援","児童発達支援ひかり","じどうはったつしえんひかり","2850901816","兵庫県西宮市","今津曙町7-18","0798-23-8886","0798-23-8887","http://www.merck-tsubasa.co.jp",34.72904417,135.35549392,"10:00-13:00","","","","土曜日、日曜日、祝日、夏季（8月13日から15日）冬季（12月31日から1月3日",,
"28000","A0000011792","兵庫県","伊丹市","いたみし","8000020282073","兵庫県伊丹市","千僧1-1","072-783-1234","072-780-3527",,"居宅訪問型児童発達支援","伊丹市立児童発達支援センタ−","いたみしりつじどうはったつしえんせんたー","2853300016","兵庫県伊丹市","千僧１−４７−２","072-784-8128","072-784-3700",,34.78351955,135.40160250,"09:00-17:00","","","","土、日、祝日、１２月２８日〜１月３日",,
"28000","A0000026064","兵庫県","特定非営利活動法人ぶるうみぃ","とくていひえいりかつどうほうじんぶるうみぃ","2140005019086","兵庫県伊丹市","寺本６丁目１０２","072-767-6300","072-767-6309","http://blu-myi.net/","居宅訪問型児童発達支援","ぶるうみぃ","ぶるうみぃ","2853301295","兵庫県伊丹市","寺本6-102","072-767-6300","072-767-6309",,34.78025026,135.38633177,"","","","",,,
"28000","A0000066402","兵庫県","有限会社しぇあーど","ゆうげんがいしゃしぇあーど","1140002065596","兵庫県伊丹市","鴻池５丁目１１-２７有限会社しぇあーど","072-785-7873","072-771-1203","http://ra-shared.com/","居宅訪問型児童発達支援","しぇあきっず","しぇあきっず","2853301204","兵庫県伊丹市","鴻池５丁目１０番２０号","072-744-1080","072-744-1080","http://ra-shared.com/",34.80087021,135.38912288,"10:00-14:00","","","","土・日・祝日、8月13日から8月15日、12月29日から1月3日",,
"28000","A0000056742","兵庫県","宝塚市","たからづかし","1000020282146","兵庫県宝塚市","東洋町1-1東洋町1-1","0797-77-2077","0797-72-8086","http://www.city.takarazuka.hyogo.jp/","居宅訪問型児童発達支援","子ども発達支援センター","こどもはったつしえんせんたー","2851100012","兵庫県宝塚市","安倉中３丁目２番２号","0797-86-7130","0797-83-2427",,34.80151986,135.37327973,"09:00-17:15","","","","土曜日、日曜日、祝日",,
"28000","A0000040875","兵庫県","社会福祉法人　川西市社会福祉協議会","しゃかいふくしほうじんかわにしししゃかいふくしきょうぎかい","9140005018073","兵庫県川西市","火打１丁目12番16号","072-759-5200","072-759-5203","http://www.k-shakyo.or.jp","居宅訪問型児童発達支援","川西さくら園","かわにしさくらえん","2853100010","兵庫県川西市","小戸３丁目１２番１０号","072-755-1772","072-757-7281",,34.83037842,135.42209696,"09:00-17:30","","","","土・日・祝日および年末年始（１２月２９日〜１月3日）",,
"28000","A0000041758","兵庫県","さくらこどもセンター合同会社","さくらこどもせんたーごうどうがいしゃ","2140003007514","兵庫県三田市","弥生が丘５−１４−５","078-331-3200","079-558-7903","http://kids-school.sakura.ne.jp/","居宅訪問型児童発達支援","さくらこどもセンター　エリクソン校","さくらこどもせんたーえりくそんこう","2851402087","兵庫県丹波篠山市","今田町下小野原４６-４","078-331-3200","079-558-7903","http://kids-school.sakura.ne.jp/",35.00531180,135.12103213,"09:30-18:30","10:00-17:30","","","木曜日、日曜日、祝日",,
"29000","A0000028267","奈良県","株式会社ＵＴケアシステム","かぶしきがいしゃゆーてぃけあしすてむ","4150001016654","奈良県橿原市","御坊町１５２","0744-20-1785","0744-20-3354","http://utcaresystem.com","居宅訪問型児童発達支援","リハビリ発達支援ルーム　UTキッズ広陵","りはびりはったつしえんるーむゆーてぃきっずこうりょう","2951561584","奈良県北葛城郡広陵町","笠161番地2広陵町総合保健福祉会館内","0745-43-7571","0745-43-7575",,34.54288407,135.74484660,"","","","",,,
"29201","A0000066773","奈良市","株式会社BaseForm.","かぶしきがいしやべーすふおーむ",,"奈良県生駒市","東生駒四丁目３９８番地３０７","050-1434-2909","0743-85-7304","http://ricora.org","居宅訪問型児童発達支援","Ricora","りこら","2950100194","奈良県奈良市","宝来町１００４−１","0742-81-7504","0742-81-7505","http://ricora.org",34.68486112,135.77109419,"","","","",,,
"30000","A0000024672","和歌山県","社会福祉法人和歌山県福祉事業団","しゃかいふくしほうじんわかやまけんふくしじぎょうだん","1170005004004","和歌山県西牟婁郡上富田町","岩田2456−1本部","0739-47-6640","0739-47-6645","https://www.wfj.or.jp","居宅訪問型児童発達支援","多機能型事業所かのん","たきのうがたじぎょうしょかのん","3052500109","和歌山県東牟婁郡那智勝浦町","大字天満1185-1","0735296027","0735296028","https://www.wfj.or.jp",33.62644901,135.93843603,"10:00-17:00","","","10:00-17:00","土曜日、日曜日、12月30日から1月3日",,
"30000","A0000024679","和歌山県","社会福祉法人和歌山県福祉事業団","しゃかいふくしほうじんわかやまけんふくしじぎょうだん","1170005004004","和歌山県西牟婁郡上富田町","岩田2456−1本部","0739-47-6640","0739-47-6645","https://www.wfj.or.jp","居宅訪問型児童発達支援","児童発達支援センターふうか","じどうはったつしえんせんたーふうか","3052400086","和歌山県西牟婁郡上富田町","岩田1776-1","0739-47-3866","0739-47-2176","https://www.wfj.or.jp",33.70835017,135.44405603,"09:30-17:30","","","","土日　国民の休日　8月13日から8月15日　12月29日から1月3日",,
"31000","A0000029694","鳥取県","鳥取県","とっとりけん","7000020310000","鳥取県鳥取市","東町１丁目２２０","0857-26-7151","0857-26-8136","https://www.pref.tottori.lg.jp/","居宅訪問型児童発達支援","鳥取県立総合療育センター","とっとりけんりつそうごうりょういくせんたー","3150200016","鳥取県米子市","上福原７丁目１３−３","0859-38-2155","0859-38-2156","https://www.pref.tottori.lg.jp/sogoryoikucenter/",35.45646599,133.35406458,"10:00-16:30","","","","土曜、日曜、祝日、年末年始（１２月２８日〜１月３日）","利用可能な時間：１１時３０分〜１５時は除く",
"31201","A0000026823","鳥取市","株式会社つむぎ","かぶしきがいしゃつむぎ","7270001006054","鳥取県鳥取市","行徳一丁目312番地デイサービスつむぎ","0857-30-6978","0857-30-6979","https://www.o-tsumugi.com","居宅訪問型児童発達支援","こどものつむぎ１号","こどものつむぎいちごう","3150100356","鳥取県鳥取市","行徳一丁目３１２番地デイサービスつむぎ","0857-30-6976","0857-30-6982","https://www.o-tsumugi.com",35.49817084,134.21939854,"09:00-17:00","09:00-17:00","","09:00-17:00","年末年始（12/30〜1/3）、月曜日、日曜日",,
"31201","A0000095869","鳥取市","株式会社つむぎ","かぶしきがいしゃつむぎ","7270001006054","鳥取県鳥取市","行徳一丁目312番地デイサービスつむぎ","0857-30-6978","0857-30-6979","https://www.o-tsumugi.com","居宅訪問型児童発達支援","こどものつむぎ２号","こどものつむぎにごう","3150100430","鳥取県鳥取市","行徳二丁目４３２番地１","0857-30-5302","0857-30-5303",,35.49902079,134.22273154,"09:00-17:00","09:00-17:00","","09:00-17:00","年末年始（12/30〜1/3）、月曜日、日曜日",,
"32201","A0000083243","松江市","特定非営利活動法人コミュニティサポートいずも","とくていひえいりかつどうほうじんこみゅにてぃさぽーといずも","4280005003264","島根県出雲市","里方町116 番地","0853-53-8066","0853-53-8078","https://cs-izumo.jp","居宅訪問型児童発達支援","ＣＳいずも放課後デイサービスＪＹＯ","しーえすいずもほうかごでいさーびすじょー","3250100470","島根県松江市","上乃木4丁目33-13","0852288121","0852288121","https://cs-izumo.Jp",35.44422592,133.05895525,"09:00-14:00","","","","土曜日、日曜日、祝日",,
"33000","A0000030745","岡山県","社会福祉法人旭川荘","しゃかいふくしほうじんあさひがわそう","2260005001800","岡山県岡山市北区","祇園８６６岡山市北区祇園866　旭川荘事務局","086-275-0131","086-275-5640","https://www.asahigawasou.or.jp","居宅訪問型児童発達支援","旭川荘真庭地域センターさくら","あさひがわそうまにわちいきせんたーさくら","3351400019","岡山県真庭市","湯原温泉４４２−１","0867-62-7701",,,35.20120501,133.73371430,"09:45-15:45","","","",,,
"33100","A0000058042","岡山市","一般社団法人岡山はぐくみ療育会","いっぱんしゃだんほうじんおかやまはぐくみりょういくかい","9260005010233","岡山県岡山市北区","厚生町二丁目2番14号サンハイム厚生町　２０６号室","070-1498-2598","086-224-6012","https://hagukumi.okayama.jp","居宅訪問型児童発達支援","きもちとことばのはぐくみ教室","きもちとことばのはぐくみきょうしつ","3350100982","岡山県岡山市北区","厚生町二丁目２番１４号サンハイム厚生町２０６号室","070-1498-2598","086-224-6012","https://peraichi.com/landing_pages/view/okayamahagukumi",34.65656450,133.91372751,"09:30-16:30","09:30-16:30","","09:30-16:30","日曜日・月曜日",,
"33202","A0000061186","倉敷市","社会福祉法人　めやす箱","しゃかいふくしほうじんめやすばこ","7260005004939","岡山県倉敷市","青江739ブルー.キャンパス","086-441-3401","086-441-3021","http://www.meyasubako.jp","居宅訪問型児童発達支援","めやすばこ・きっず","めやすばこきっず","3350200212","岡山県倉敷市","中島638-13","086-466-0751","086-460-3403",,34.58410220,133.73577261,"09:00-16:00","","","","第２、４土曜日・日曜日・祝祭日・お盆・年末年始　",,
"33202","A0000060857","倉敷市","社会福祉法人　クムレ","しゃかいふくしほうじんくむれ","6260005003495","岡山県倉敷市","栗坂８番地","086-464-0007","086-464-0072","https://www.cumre.or.jp/","居宅訪問型児童発達支援","児童発達支援センター　倉敷学園","じどうはったつしえんせんたーくらしきがくえん","3350200063","岡山県倉敷市","栗坂８番地","086-464-0012","086-464-0014","https://www.cumre.or.jp/",34.63487270,133.83644366,"09:00-17:00","","","","日曜日、祝祭日、8月13日〜15日、12月29日〜1月3日",,
"33000","A0000086740","岡山県","合同会社こもれび","ごうどうがいしゃこもれび","2260003002180","岡山県井原市","下出部町一丁目１４番地１","0866-75-4357","0866-75-4357",,"居宅訪問型児童発達支援","こもれび","こもれび","3350700070","岡山県井原市","下出部町一丁目１４番地１","0866-75-4357","0866-75-4357","",34.58519771,133.43867266,"","","","",,,
"33000","A0000012543","岡山県","特定非営利動法人発達支援ネットワークつむぎ","とくていひえいかつどうほうじんはったつしえんねっとわーくつむぎ","1260005009828","岡山県高梁市","横町1072-1","0866-55-5600","0866-55-5701","http://tumugiokayama.com/","居宅訪問型児童発達支援","つむぎ高梁","つむぎたかはし","3350900068","岡山県高梁市","横町1072-1","0866-56-0011","0866-56-0012","http://tumugiokayama.com/",34.78447566,133.61020513,"08:00-18:00","08:00-18:00","","",,,
"33000","A0000009172","岡山県","特定非営利活動法人　color","とくていひえいりかつどうほうじんからー","8260005006109","岡山県高梁市","高倉町大瀬八長１６５６番地１","0866-56-3946","0866-56-3953","https://www.npocolor.com/","居宅訪問型児童発達支援","児童発達支援センター　くるーる","じどうはったつしえんせんたーくるーる","3350900076","岡山県高梁市","高倉町大瀬八長1656番地１","0866-56-3946","0866-56-3953","https://www.npocolor.com/",34.80182069,133.61353496,"","","","","日曜日、年末年始、5月連休、夏季休暇",,
"33000","A0000086483","岡山県","株式会社サンライフ","かぶしきがいしゃさんらいふ","122001027557 ","岡山県勝田郡勝央町","黒土221-1","0868-35-2824","0868-35-2827",,"居宅訪問型児童発達支援","チルドレンハウス・つばめ","ちるどれんはうすつばめ","3353600061","岡山県勝田郡勝央町","黒土１６７番地２","0868352824","0868352827","",35.03301553,134.13037815,"","","","",,,
"34000","A0000061922","広島県","特定非営利活動法人よりＳｏｙ","とくていひえいりかつどうほうじんよりそい","1240005014061","広島県東広島市","西条町西条４５３−３","082-490-5552","082-490-5562","http://yorisoy.net","居宅訪問型児童発達支援","障害児通所支援Ｙｕ〜ｋｉ","しょうがいじつうしょしえんゆーき","3452500246","広島県東広島市","西条町西条４５３−３","082-490-5552","082-490-5562","http://yorisoy.net",34.43171565,132.74132037,"10:00-16:00","","","",,,
"36000","A0000048535","徳島県","株式会社オアシス","かぶしきかいしゃおあしす",,"徳島県徳島市","佐古一番町8番地20号","088-661-4654","088-661-4655","","居宅訪問型児童発達支援","オアシス","おあしす","3650100963","徳島県徳島市","佐古一番町8番地20号","088-661-4654","088-661-4655",,34.07729345,134.54034699,"09:00-19:00","09:00-19:00","","09:00-19:00","GWお盆8/12〜15・年末年始12/29〜1/3はお休み",,
"36000","A0000060250","徳島県","社会福祉法人　池田博愛会","しゃかいふくしほうじんいけだはくあいかい","3480005005480","徳島県三好市","池田町州津滝端１２７１番地７地域交流センターはくあい","0883-72-3150","0883-72-3158","https://www.ikeda-hakuaikai.org/","居宅訪問型児童発達支援","どんぐり","どんぐり","3651600029","徳島県阿波市","阿波町東長峰151-1どんぐり","0883-26-5160","0883-26-5177",,34.08154681,134.19032697,"07:30-18:00","00:00-00:00","00:00-00:00","00:00-00:00","土、日曜日、祝日、年末年始3日間","なし",
"36000","A0000041147","徳島県","社会福祉法人　凌雲福祉会","しゃかいふくしほうじんりょううんふくしかい","7480005003571","徳島県板野郡藍住町","矢上字安任１５６−１","088-637-3377","088-637-3360","http://www.ryoun.com","居宅訪問型児童発達支援","こどもリハスタジオ　メロディー","こどもりはすたじおめろでぃ","3651500310","徳島県板野郡藍住町","矢上字安任156番地の1","088-637-3366","088-637-3360","http://www.ryoun.com",34.13743358,134.49741982,"09:30-14:30","","","","日曜・祝日・年末年始（12月30日〜1月3日）",,
"38201","A0000014015","松山市","一般社団法人　はなぶさ会","いっぱんしゃだんほうじんはなぶさかい","9500005007774","愛媛県松山市","中野町甲366番地1","089-907-3266","089-963-4166","http://www.ehime-rehab.co.jp/","居宅訪問型児童発達支援","一般社団法人　はなぶさ会　訪問療育ステーション　あすたむ","いっぱんしゃだんほうじんはなぶさかいほうもんりょういくすてーしょんあすたむ","3850101134","愛媛県松山市","中野町甲366番地1","089-907-3266","089-963-4166","http://www.ehime-rehab.co.jp/",33.77852057,132.82656710,"09:00-17:00","09:00-17:00","","","日曜日、子どもの日、お盆、12/30~1/3","児や保護者の要望に応じて、観るべき場所や時間帯により適正に判断した中の2時間",
"38000","A0000100346","愛媛県","株式会社長浜リハビリテーションサービス","ながはまりはびりてーしょんさーびす","7500001023488","愛媛県大洲市","長浜甲35番地","0893-57-9112","0893-57-9113","https://www.nagahamareha.jp/","居宅訪問型児童発達支援","児童発達支援・放課後等デイサービスほのぼーの","じどうはったつしえんほうかごとうでいさーびすほのぼーの","3850700166","愛媛県大洲市","白滝甲557番地の2旧白滝小学校2階","0893-57-9112","0893-57-9113","https://www.nagahamareha.jp/",33.58268708,132.52117542,"09:30-12:00","","","","土日祝日",,
"39201","A0000072549","高知市","株式会社Ａｒｕｋａｒａ","かぶしきがいしゃあるから","7490001010034","高知県高知市","春野町南ケ丘７丁目５番地１８","088-802-7605","088-802-7605",,"居宅訪問型児童発達支援","多機能型児童発達支援事業所アルカラ","たきのうがたじどうはったつしえんじぎょうしょあるから","3950100861","高知県高知市","春野町南ケ丘７丁目５番地１８","088-802-7605","088-802-7605",,33.51854099,133.52112523,"","","","",,,
"39201","A0000034365","高知市","特定非営利活動法人みらい予想図","とくていひえいりかつどうほうじんみらいよそうず","9490005006522","高知県高知市","朝倉南町１番１２号","088-855-7366","088-855-7377","http://mirai-yosouzu.com","居宅訪問型児童発達支援","重症児デイサービスいっぽ","じゅうしょうじでいさーびすいっぽ","3950100457","高知県高知市","朝倉南町１番１２号","088-855-7366","088-855-7377","http://mirai-yosouzu.com",33.54316232,133.49601878,"09:00-17:00","09:00-17:00","","09:00-17:00","日曜日、12月30日から1月3日まで",,
"40100","A0000051093","北九州市","社会福祉法人　北九州市福祉事業団","しゃかいふくしほうじんきたきゅうしゅうしふくしじぎょうだん","8290805003987","福岡県北九州市八幡東区","中央二丁目１−１","093-682-0001","093-682-0006","http://www.kitafj.or.jp/","居宅訪問型児童発達支援","北九州市立総合療育センター　ナイスデイ","きたきゅうしゅうしりつそうごうりょういくせんたーないすでい","4057702856","福岡県北九州市小倉南区","春ケ丘１０ー４","093-922-5596","093-952-2713",,33.84976293,130.88499641,"08:30-17:00","","","","土・日・祝、年末年始",,
"40130","A0000063976","福岡市","スリードア株式会社","すりーどあかぶしきがいしゃ","5290001079728","福岡県福岡市東区","松崎3-30-12B-105","092-673-2333","092-673-2331","https://lifestyle310.net","居宅訪問型児童発達支援","Sun Kids","さんきっず","4050200148","福岡県福岡市東区","多の津5丁目27-14-1Fサクシード多の津","092-292-7550","092-292-7866","https://310kls.com/",33.62429578,130.45224406,"09:30-15:30","","","","土・日・祝日",,
"40130","A0000008047","福岡市","社会福祉法人　福岡市社会福祉事業団","しゃかいふくしほうじんふくおかししゃかいふくしじぎょうだん","1290005001427","福岡県福岡市中央区","荒戸三丁目３−３９市民福祉プラザ４階","092-731-3711","092-731-3722","http://fc-jigyoudan.org","居宅訪問型児童発達支援","福岡市立東部療育センター","ふくおかしりつとうぶりょういくせんたー","4050202573","福岡県福岡市東区","青葉4-1-1","092-410-8234","092-691-3510","http://fc-jigyoudan.org/toubu",33.64687736,130.46159476,"09:00-17:00","","","","土曜、日曜、年末年始（12月29日から1月3日）、祝祭日",,
"40130","A0000008048","福岡市","社会福祉法人　福岡市社会福祉事業団","しゃかいふくしほうじんふくおかししゃかいふくしじぎょうだん","1290005001427","福岡県福岡市中央区","荒戸三丁目３−３９市民福祉プラザ４階","092-731-3711","092-731-3722","http://fc-jigyoudan.org","居宅訪問型児童発達支援","福岡市立西部療育センター","ふくおかしりつせいぶりょういくせんたー","4051102608","福岡県福岡市西区","内浜一丁目５番５４号","092-883-7161","092-883-7163","http://fc-jigyoudan.org/seibu",33.58245219,130.32079932,"09:00-17:00","","","","土曜、日曜、祝日、年末年始（12月29日から1月3日）",,
"40130","A0000008049","福岡市","社会福祉法人　福岡市社会福祉事業団","しゃかいふくしほうじんふくおかししゃかいふくしじぎょうだん","1290005001427","福岡県福岡市中央区","荒戸三丁目３−３９市民福祉プラザ４階","092-731-3711","092-731-3722","http://fc-jigyoudan.org","居宅訪問型児童発達支援","福岡市立心身障がい福祉センター","ふくおかいちりつしんしんしょうがいふくしせんたー","4050802836","福岡県福岡市中央区","長浜1-2-8","092-721-1611","092-712-3573","http://fc-jigyoudan.org/aiai",33.59512055,130.39439895,"09:00-17:00","","","","土曜、日曜、年末年始（12月29日から1月3日）、祝祭日",,
"40130","A0000046611","福岡市","社会福祉法人　福岡市社会福祉事業団","しゃかいふくしほうじんふくおかししゃかいふくしじぎょうだん","1290005001427","福岡県福岡市中央区","荒戸三丁目３−３９市民福祉プラザ４階","092-731-3711","092-731-3722","http://fc-jigyoudan.org","居宅訪問型児童発達支援","福岡市立あゆみ学園","ふくおかしりつあゆみがくえん","4051202812","福岡県福岡市南区","屋形原２丁目23-2","092-566-5666","092-566-5695","http://fc-jigyoudan.org/ayumi",33.53782388,130.41013540,"09:00-17:00","","","","土曜、日曜、祝日、年末年始（12月29日〜1月3日）",,
"40130","A0000048736","福岡市","株式会社クオリティー","かぶしきがいしゃくおりてぃー","1290001030140","福岡県福岡市南区","老司4-2-15","092-408-8268","092-408-3714","https://www.quality-az.jp","居宅訪問型児童発達支援","ランランランド","らんらんらんど","4050103169","福岡県福岡市博多区","相生町３丁目4-5-101","092-558-2086","092-558-2149",,33.59136010,130.41487820,"10:00-17:00","10:00-17:00","","10:00-17:00","８月１３日〜１５日、１２月３０日〜１月３日、毎週日曜日",,
"40130","A0000024868","福岡市","ＮＰＯ法人ニコちゃんの会","えぬぴーおーほうじんにこちゃんのかい","7290005014051","福岡県福岡市城南区","堤2丁目12番5号","092-834-5183","092-834-5184","http://www.nicochan.jp/","居宅訪問型児童発達支援","ニコちゃん家","にこちゃんち","4051203455","福岡県福岡市城南区","堤2丁目12番5号","092-834-5182","092-834-5184","",33.54292046,130.38103188,"10:00-15:00","","","","8/13〜15,12/30~1/3、土日祝日",,
"40000","A0000067840","福岡県","ベストサポート株式会社","べすとさぽーとかぶしきがいしゃ","2290001046557","福岡県飯塚市","下三緒３５番地４４２なし","0948-43-3337","0948-43-4140",,"居宅訪問型児童発達支援","重症心身障がいサポートセンターひばり","じゅうしょうしんしんしょうがいさぽーとせんたーひばり","4055502886","福岡県飯塚市","有安1025-7","0948-43-4137","0948-43-4138",,33.64522120,130.72039318,"09:00-12:00","","","09:00-12:00","日曜、１月１日・２日・３日",,
"40000","A0000036442","福岡県","株式会社児童発達支援協会","かぶしきがいしゃじどうはったつしえんきょうかい","9290001084706","福岡県福津市","中央2丁目19-3桜井ビル101号","0940-72-1058","0940-72-1066",,"居宅訪問型児童発達支援","リハビリ発達支援ルームかもん","りはびりはったつしえんるーむかもん","4050500158","福岡県福津市","中央2丁目19-3桜井ビル101号","0940-72-1058","0940-72-1066",,33.76479035,130.48674059,"","","","",,,
"40000","A0000008046","福岡県","有限会社　いちばん星","ゆうげんがいしゃいちばんぼし","9290002035882","福岡県糟屋郡新宮町","上府北２丁目１４番８号","092-963-4300","092-963-4312","https://ichiban-boshi.jp/","居宅訪問型児童発達支援","福岡療育支援センターいちばん星新宮","ふくおかりょういくしえんせんたーいちばんぼししんぐう","4050402090","福岡県糟屋郡新宮町","上府北2-14-8","0929634300","0929634312","https://ichiban-boshi.jp/",33.71354563,130.45698189,"09:00-12:00","","","","土日祝日",,
"40000","A0000042560","福岡県","有限会社　いちばん星","ゆうげんがいしゃいちばんぼし","9290002035882","福岡県糟屋郡新宮町","上府北２丁目１４番８号","092-963-4300","092-963-4312","https://ichiban-boshi.jp/","居宅訪問型児童発達支援","福岡療育支援センターいちばん星志免","ふくおかりょういくしえんせんたーいちばんぼししめ","4050400060","福岡県糟屋郡志免町","志免４５１番地１","092-692-8180","092-692-7082","https://ichiban-boshi.jp/",33.58901137,130.48758356,"13:00-15:00","","","","土日祝日",,
"40000","A0000071107","福岡県","特定非営利活動法人にこり","にこり","4290805009138","福岡県遠賀郡岡垣町","野間3-4-24","093-282-5810","093-863-0331","https://nicori.org","居宅訪問型児童発達支援","こどもデイサービス　にこり","こどもでいさーびすにこり","4056100276","福岡県遠賀郡岡垣町","野間3-4-24","093-282-5810","093-863-0331","https://nicori.org/day-service",33.85549880,130.61356209,"","","","",,,
"44000","A0000025150","大分県","社会福祉法人　聖母の騎士会","しゃかいふくしほうじんせいぼのきしかい","3300005002743","佐賀県佐賀市","大和町大字久池井１５２１番２　","0952-62-8325","0952-62-1943","http://www.seibonokishikai.or.jp","居宅訪問型児童発達支援","児童発達支援センターめぐみ","じどうはったつしえんせんたーめぐみ","4450600046","大分県臼杵市","野津町都原3601-2","0974-32-7770","0974-32-7771","http://www.meguminoseibo.jp",33.05812269,131.69280143,"10:00-17:00","","","","土曜日、日曜日、祝祭日、12月29日から1月3日",,
"41000","A0000021850","佐賀県","社会福祉法人若楠","しゃかいふくしほうじんわかくす","1300005004758","佐賀県鳥栖市","弥生が丘二丁目１３４番地１　","0942-83-1121","0942-83-1755","https://www.wakakusu-swc.or.jp/","居宅訪問型児童発達支援","若楠療育園","わかくすりょういくえん","4151100031","佐賀県鳥栖市","弥生が丘2丁目134番地1","0942-83-1121","0942-83-1755",,33.40535001,130.52380667,"08:30-17:00","","","","土曜、日曜、祝日","祝祭日及び指定する日を除く",
"41000","A0000079436","佐賀県","合同会社MEGU","ごうどうがいしゃめぐ","7300003001322","佐賀県武雄市","武雄町永島18172番地8","0954-27-7868","0954-27-7869","https://meguhouse.com/","居宅訪問型児童発達支援","居宅訪問型児童発達支援　MEGUの家","きょたくほうもんがたじどうはったつしえんめぐのいえ","4151400118","佐賀県武雄市","武雄町永島18172番地8","0954-27-7868","0954-27-7869","https://meguhouse.com/",33.17723338,130.03773530,"10:00-12:00","","","","日曜日　年末年始",,
"41000","A0000025756","佐賀県","一般社団法人　翼","いっぱんしゃだんほうじんつばさ","5300005006791","佐賀県小城市","三日月町長神田1731番地18","080-8371-8476","0952-20-4200",,"居宅訪問型児童発達支援","居宅訪問型児童発達支援　翼","きょたくほうもんがたじどうはったつしえんつばさ","4150600155","佐賀県小城市","三日月町長神田1731番地18","080-8371-8476","0952-20-4200",,33.27933390,130.22552603,"","","","",,,
"41000","A0000014874","佐賀県","株式会社Ｌスマイル","かぶしきがいしゃえるすまいる","4150600072   ","佐賀県小城市","小城町畑田1684-40なし","0952-37-7757","0952-37-7186",,"居宅訪問型児童発達支援","多機能型事業所　スマイルキッズ久保田","たきのうがたじぎょうしょすまいるきっずきぼた","4150100651","佐賀県佐賀市","久保田町徳万2037番地1","0952-37-5772","","",33.24997797,130.23326036,"09:00-18:00","09:00-18:00","","","水曜日、土曜日（不定休）、日曜日、祝祭日、年末年始、お盆",,
"42201","A0000061167","長崎市","合同会社Ohana base","ごうどうがいしゃおはなべーす","4310003003873","長崎県長崎市","西山3丁目13番11号","095-893-8570","095-893-8571",,"居宅訪問型児童発達支援","児童デイサービス　Rinoa","じどうでいさーびすりのあ","4250101336","長崎県長崎市","西山3丁目13番11号","095-893-8570",,,32.76826975,129.89077860,"","","","",,,
"42201","A0000017544","長崎市","有限会社総合療育リハ・サービス","ゆうげんがいしゃそうごうりょういくりはさーびす","5310002002784","長崎県長崎市","矢上町31番14号","0958387303","0958387304","http://www.ryouikuriha.com/","居宅訪問型児童発達支援","多機能型事業所やがみ","たきのうがたじぎょうしょやがみ","4250100494","長崎県長崎市","田中町879番地1階","095-838-7306","095-865-7202",,32.77022897,129.94924739,"09:00-18:00","08:30-17:00","","","日曜、祝日、第4土曜日、8/13〜8/15、12/29〜1/3","平日であっても、夏休み等の学休期間は土曜日の営業時間となります",
"42201","A0000017545","長崎市","有限会社総合療育リハ・サービス","ゆうげんがいしゃそうごうりょういくりはさーびす","5310002002784","長崎県長崎市","矢上町31番14号","0958387303","0958387304","http://www.ryouikuriha.com/","居宅訪問型児童発達支援","多機能型事業所ほくよう","たきのうがたじぎょうしょほくよう","4250100668","長崎県長崎市","滑石5丁目11-36","095-814-6100","095-814-6101",,32.80521751,129.83177642,"10:00-17:30","09:30-16:30","","","日曜、祝日、第4土曜日、8/13〜8/15、12/29〜1/3","平日であっても、夏休み等の学休期間は土曜日の営業時間となります",
"42202","A0000094438","佐世保市","株式会社BLUE　PLANETS","かぶしきがいしゃぶるーぷらねっつ","6310001016495","長崎県佐世保市","万津町５−８東洋ビル","0956-88-7613","0956-88-7474","","居宅訪問型児童発達支援","BLUE PLANETS はいき","ぶるーぷらねっつはいき","4250200831","長崎県佐世保市","広田1丁目2-8冨田ビル1階","0956887930","0956887930","https://www.blue-planets.net",33.13024964,129.79867314,"","","","",,,
"42202","A0000024943","佐世保市","医療法人　雄人会","いりょうほうじんゆうじんかい","4310005002477","長崎県佐世保市","三川内本町290番地1","0956-30-8011","0956-30-7810","http://www.mikawachi.or.jp/","居宅訪問型児童発達支援","児童デイサービス　みかわち","じどうでいさーびすみかわち","4250200682","長崎県佐世保市","三川内本町358番地4","0956-30-7000","0956-30-6170",,33.15414552,129.83010048,"08:30-18:00","08:30-17:20","08:30-17:20","","土曜日曜（月1回ずつは営業）、祝日、8月15日、12月31日〜1月3日",,
"42000","A0000054083","長崎県","株式会社　リハビリテーションケア","かぶしきかいしゃりはびりてーしょんけあ",,"長崎県島原市","上新丁三丁目３９７９番地１","0957-61-1122","0957-61-1123",,"居宅訪問型児童発達支援","ACTしまばら2","あくとしまばらつー","4250300144","長崎県島原市","萩原二丁目5004-3","0957-73-6955","","",32.78537469,130.36483055,"","","","",,,
"43100","A0000056911","熊本市","一般社団法人　M・C・W","いっぱんしゃだんほうじんえむしーだぶりゅ","330005009768 ","熊本県熊本市東区","長嶺東四丁目8番56号","096-292-8515","096-284-5552","http://www.nijiiroiroiro.com","居宅訪問型児童発達支援","にじいろKids・Stars","じどうはったつしえんにじいろきっずすたーず","4350101855","熊本県熊本市東区","御領五丁目２番１０９号","0962853600","0962853600","http://nijiiroiroiro.com/sp/",32.82462664,130.77303132,"10:00-13:30","10:00-13:30","","","日、大型連休(GW、夏期・年末年始・大型連休の1週間程度)",,
"43000","A0000064040","熊本県","社会福祉法人玉医会","しゃかいふくしほうじんたまいかい","7330005004064","熊本県玉名市","玉名字西原２１９４番地","0968-73-3337","0968-73-5407","https://www.tamakinaso.net/","居宅訪問型児童発達支援","児童発達支援センターすまいるきっず","じどうはったつしえんせんたーすまいるきっず","4350400018","熊本県玉名市","玉名字西原２１９４","0968-73-3337","0968-73-5407","https://www.tamakinaso.net/",32.94726902,130.56650812,"09:00-13:00","","","","土曜日、日曜日及び祝祭日と12月29日〜1月3日",,
"43000","A0000016069","熊本県","ＮＰＯ法人ＮＥＸＴＥＰ","えぬぴーおーほうじんねくすてっぷ","4330005003168","熊本県合志市","幾久富１１２３−５","096-227-9001","096-227-9004","http://www.nextep-k.com","居宅訪問型児童発達支援","ボンボン","ぼんぼん","4352900163","熊本県合志市","幾久富１１２３−５","096-227-9003","096-227-9004","http://www.nextep-k.com",32.89308113,130.79579198,"08:30-17:00","","","","土日祝",,
"43100","A0000083317","熊本市","社会福祉法人　志友会","しゃかいふくしほうじんしゆうかい","8330005006464","熊本県葦北郡芦北町","芦北2813番地","0966-82-2431","0966-82-2406","http://www.ezuko.jp/","居宅訪問型児童発達支援","えづこランド","えづこらんど","4350100030","熊本県熊本市東区","画図町大字重富575","096-285-6350","096-370-0503","http://www.ezuko.jp/",32.75931251,130.72928542,"10:00-15:30","","","","土、日曜日",,
"44201","A0000068605","大分市","社会福祉法人萌葱の郷","しゃかいふくしほうじんもえぎのさと","3320005006230","大分県大分市","中戸次5620番地1なし","097-574-8688","097-574-8687","http://www.moeginosato.net","居宅訪問型児童発達支援","こども発達・子育て支援センター　わくわくかん","こどもはったつこそだてしえんせんたーわくわくかん","4450101672","大分県大分市","屋山１６５８−１","0975928989","0975928990","https://moeginosato.net/waku/",33.22006098,131.74308005,"09:30-15:30","","","","土、日、祝祭日",,
"44000","A0000025151","大分県","株式会社　創翔の里","かぶしきがいしゃそうしょうのさと","7320001014919","大分県別府市","大字鶴見字下原４２３０番地５３ルーデンス荘園","0977-85-7039","0977-85-7065","https://www.s-sosho.co.jp/","居宅訪問型児童発達支援","かぼすの丘","かぼすのおか","4450200409","大分県別府市","楠町7-29協栄コート1F","0977-85-8925","0977-85-8926","https://s-sosho.co.jp",33.27545608,131.50456551,"09:00-14:00","","","","土、日、祭日",,
"46201","A0000017186","鹿児島市","社会福祉法人　正栄会","しゃかいふくしほうじんしょうえいかい","7340005000112","鹿児島県鹿児島市","川田町1090番地障害者(児)通所施設アリス","099-298-8184","099-298-8177","http://syoueikai.or.jp","居宅訪問型児童発達支援","ミニョンヌアリス","みにょんぬありす","4650003033","鹿児島県鹿児島市","川田町191-1","099-298-8184","099-298-8177","http://syoueikai.or.jp",31.67147549,130.50537210,"09:00-17:00","09:00-17:00","","","日曜日、祝日、8/15、12/31〜1/3",,
"46000","A0000027895","鹿児島県","一般社団法人　おおすみ笑顔のわ","いっぱんしゃだんほうじんおおすみえがおのわ","9340005008500","鹿児島県鹿屋市","笠之原町1520-1　","0994-43-3831","0994-43-3831","https://oosumi-egaonowa.jp/","居宅訪問型児童発達支援","えすぺらんさ","えすぺらんさ","4650003728","鹿児島県鹿屋市","笠之原町1520-1","0994-43-3831","0994-43-3831","https://oosumi-egaonowa.jp/",31.39632449,130.89257303,"09:30-17:30","09:00-17:00","","","日曜日、祝日",,
"46000","A0000027839","鹿児島県","株式会社スカイメディケアラボ","かぶしきがいしゃすかいめでぃけあらぼ","0340001021211","鹿児島県薩摩川内市","隈之城町1475番地9","090-1166-9068",,"http://www.soramame-sky.com","居宅訪問型児童発達支援","ことばの教室そらまめキッズ","ことばのきょうしつそらまめきっず","4650005830","鹿児島県薩摩川内市","青山町字山仁田4082番5","08034987663",,"https://www.soramame-sky.com",31.78478306,130.29248991,"09:00-12:00","09:00-12:00","","","日曜日",,
"46000","A0000073965","鹿児島県","株式会社スカイメディケアラボ","かぶしきがいしゃすかいめでぃけあらぼ","0340001021211","鹿児島県薩摩川内市","隈之城町1475番地9","090-1166-9068",,"http://www.soramame-sky.com","居宅訪問型児童発達支援","ことばの教室そらまめキッズ東餅田","ことばのきょうしつそらまめきっずひがしもちた","4654500091","鹿児島県姶良市","東餠田2346‐1","070-3168-4794",,,31.72461969,130.62701606,"09:00-12:00","09:00-12:00","","","日曜日・祝日",,
"46201","A0000075817","鹿児島市","株式会社　スカイメディケアラボ","かぶしきがいしゃすかいめでいけあらぼ","7340001021211","鹿児島県薩摩川内市","隈之城町１４７５番地９鹿児島県薩摩川内市隈之城町１４７５番地９","090-1166-9068",,"https://www.soramame-sky.com/","居宅訪問型児童発達支援","ことばの教室そらまめキッズ谷山","ことばのきようしつそらまめきっずたにやま","4650101290","鹿児島県鹿児島市","上福元町３７０２番地１１","080-7220-6925",,,31.52999010,130.50713331,"09:00-15:15","09:00-15:15","","","水曜日、日曜日、祝日",,
"46000","A0000052648","鹿児島県","株式会社ハンズウェル","かぶしきがいしゃはんずうぇる","4340001022518","鹿児島県日置市","吹上町小野1212番地","099-295-6939","099-295-6975","https://www.habista.org/","居宅訪問型児童発達支援","多機能型事業所ハビステ吹上","たきのうがたじぎょうしょはびすてふきあげ","4651600043","鹿児島県日置市","吹上町小野1212番地","099-295-6939","099-295-6975","https://www.habista.org/",31.53903229,130.33840899,"","","","",,,
"46000","A0000097910","鹿児島県","社会福祉法人　敬天会","しゃかいふくしほうじんけいてんかい",,"鹿児島県姶良市","加治木町木田１３９５番地１６","0995-64-3611","0995-64-3633","https://www.sachikaze/","居宅訪問型児童発達支援","コミュニティケアぺんぎん","こみゅにてぃけあぺんぎん","4654500109","鹿児島県姶良市","西宮島町５番１","0995-50-0191","0995-64-3633","https://www.sachikaze.jp",31.72625285,130.62265796,"09:00-13:00","","","","日曜日、国民の休日、8/13日〜15日、12/29日〜1/3日","行事やイベント及び突発的な事由により変更がある。",
"46000","A0000030199","鹿児島県","社会福祉法人　天上会","しゃかいふくしほうじんてんじょうかい","1340005006585","鹿児島県肝属郡肝付町","後田５５０１番地社会福祉法人天上会","0994-65-2340","0994-65-3952","http://tenjou-kai.com/","居宅訪問型児童発達支援","はなのこ園","はなのこえん","4650001847","鹿児島県肝属郡肝付町","富山１６８２番地５","0994-65-2121","0994-65-2121","http://tenjou-kai.com/",31.37337713,130.90500886,"10:00-17:00","","","","土、日、祝祭日、年末年始",,
