"都道府県コード又は市区町村コード","NO（※システム内の固有の番号、連番）","指定機関名","法人の名称","法人の名称_かな","法人番号","法人住所（市区町村）","法人住所（番地以降）","法人電話番号","法人FAX番号","法人URL","サービス種別","事業所の名称","事業所の名称_かな","事業所番号","事業所住所（市区町村）","事業所住所（番地以降）","事業所電話番号","事業所FAX番号","事業所URL","事業所緯度","事業所経度","利用可能な時間帯（平日）","利用可能な時間帯（土曜）","利用可能な時間帯（日曜）","利用可能な時間帯（祝日）","定休日","利用可能曜日特記事項（留意事項）","定員"
"01100","E0000001840","札幌市","社会福祉法人北翔会","しゃかいふくしほうじんほくしょうかい","6430005000599","北海道札幌市白石区","川北２２５４番地１","011-879-5555","011-879-5533","https://hokushokai.com/","療養介護","医療福祉センター札幌あゆみの園","いりょうふくしせんたーさっぽろあゆみのその","0110504800","北海道札幌市白石区","川北２２５４番地１医療福祉センター札幌あゆみの園","011-879-5555","011-879-5511","http://www.hokushokai.com",43.07140791,141.43928755,"","","","",,,184
"01000","E0000003069","北海道","社会福祉法人　札幌緑花会","しゃかいふくしほうじんさっぽろりょくかかい","8430005000671","北海道札幌市西区","山の手三条","011-611-9301","011-621-7404","http://www.ryokkakai.or.jp/","療養介護","大倉山学院","おおくらやまがくいん","0112000724","北海道小樽市","見晴町２０番２号","0134-62-2510","0134-62-5125","https://sites.google.com/site/ookurayamachisanamuraringo/",43.13453612,141.16739516,"","","","",,,160
"01100","E0000001172","札幌市","社会福祉法人　札幌緑花会","しゃかいふくしほうじんさっぽろりょっかかい","8430005000671","北海道札幌市西区","山の手三条１２丁目３番１２号","011-611-9301","011-621-7404","http://www.ryokkakai.or.jp/inquiry/","療養介護","緑ヶ丘療育園","みどりがおかりょういくえん","0110402385","北海道札幌市西区","山の手３条１２丁目３番１２号","011-611-9301","011-621-7404",,43.06429534,141.28815363,"","","","",,,160
"01000","E0000002904","北海道","独立行政法人　国立病院機構函館病院","どくりつぎょうせいほうじんこくりつびょういんきこうはこだてびょういん",,"北海道函館市","川原町１８番１６号","0138-51-6281","0138-51-6288","http://www.yakumo-hosp.jp/","療養介護","独立行政法人国立病院機構八雲病院","どくりつぎょうせいほうじんこくりつびょういんきこうやくもびょういん","0111500872","北海道二海郡八雲町","宮園町１２８番地","0137-63-2126","0137-64-2715","http://www.yakumo-hosp.jp/",42.25173230,140.26143460,"","","","",,,120
"01000","E0000002996","北海道","社会福祉法人恩賜財団済生会支部北海道済生会","しゃかいふくしほうじんおんしざいだんさいせいかいしぶほっかいどうさいせいかい","3010405001696","北海道小樽市","築港１０番１号","0134-25-4321","0134-25-2888",,"療養介護","社会福祉法人恩賜財団済生会支部北海道済生会小樽病院みどりの里","しゃかいふくしほうじんおんしざいだんさいせいかいしぶほっかいどうさいせいかいおたるびょういんみど","0112000120","北海道小樽市","築港１０番１号","0134-32-5131","0134-29-2164","http://www.saisei-nishiotaru.jp",43.18414009,141.01893241,"","","","",,,120
"01000","E0000005154","北海道","社会福祉法人　北海道療育園","しゃかいふくしほうじんほっかいどうりょういくえん","2450005000270","北海道旭川市","春光台４条１０丁目","0166-51-6524","0166-51-6871","http://www.hokuryo.or.jp/","療養介護","美幌療育病院","びほろりょういくびょういん","0115200057","北海道網走郡美幌町","美幌町字美富９番地","0152-73-3145","0152-73-5298","http://www.bihoro-ryoiku.jp/hospital/",43.81576555,144.10257788,"","","","",,,120
"01204","E0000003460","旭川市","社会福祉法人　北海道療育園","しゃかいふくしほうじんほっかいどうりょういくえん","2450005000270","北海道旭川市","春光台４条１０丁目","0166-51-6524","0166-51-6871","http://www.hokuryo.or.jp/","療養介護","北海道療育園","ほっかいどうりょういくえん","0112907357","北海道旭川市","春光台4条１０丁目","0166-51-6524","0166-51-6871","http://www.hokuryo.or.jp/",43.82981540,142.36818130,"","","","",,,336
"01204","E0000003214","旭川市","独立行政法人国立病院機構旭川医療センター","どくりつぎょうせいほうじんこくりつびょういんきこうあさひかわいりょうせんたー","1013205001281","北海道旭川市","花咲町7丁目4048番地","0166-51-3161","0166-53-9184","https://asahikawa.hosp.go.jp/","療養介護","独立行政法人国立病院機構旭川医療センター","どくりつぎょうせいほうじんこくりつびょういんきこうあさひかわいりょうせんたー","0112900014","北海道旭川市","花咲町7丁目4048番地","0166-51-3161","0166-53-9184","https://asahikawa.hosp.go.jp/",43.79802220,142.38098280,"","","","",,,40
"01000","E0000004695","北海道","独立行政法人　国立病院機構帯広病院","どくりつぎょうせいほうじんこくりつびょういんきこうおびひろびょういん","1013205001281","北海道帯広市","西十八条北２丁目１６番地","0155-33-3155","0155-33-3397","","療養介護","独立行政法人　国立病院機構帯広病院","どくりつぎょうせいほうじんこくりつびょういんきこうおびひろびょうい","0114601156","北海道帯広市","西十八条北２丁目１６番地","0155-33-3155","0155-33-3397",,42.93669229,143.16175016,"","","","","","",
"02201","E0000011263","青森市","独立行政法人国立病院機構青森病院","どくりつぎょうせいほうじんこくりつびょういんきこうあおもりびょういん","1013205001281","青森県青森市","浪岡女鹿沢字平野１５５−１","0172-62-4055","0172-62-7289","http://www.nhoaomori.jp/","療養介護","独立行政法人国立病院機構青森病院","どくりつぎょうせいほうじんこくりつびょういんきこうあおもりびょういん","0210100145","青森県青森市","浪岡女鹿沢字平野１５５−１","0172-62-4055","0172-62-7289","http://www.nhoaomori.jp/",40.70920390,140.57115870,"","","","","","",
"02203","E0000011832","八戸市","青森県（指定管理者）","あおもりけんしていかんりしゃ",,"青森県青森市","長島一丁目1-1","0177349308","0177348092",,"療養介護","青森県立はまなす医療療育センター","あおもりけんりつはまなすいりょうりょういくせんたー","0210300067","青森県八戸市","大久保字大塚１７の７２９","0178-31-5005","0178-31-4144",,40.49119910,141.56402760,"","","","",,,40
"02203","E0000011942","八戸市","青森県（指定管理者）","あおもりけんしていかんりしゃ",,"青森県青森市","長島一丁目1-1","0177349308","0177348092",,"療養介護","青森県立はまなす医療療育センター","あおもりけんりつはまなすいりょうりょういくせんたー","0210301198","青森県八戸市","大久保字大塚１７−７２９","0178-31-5005","0178-31-4144",,40.49119910,141.56402760,"","","","",,,42
"02203","E0000011941","八戸市","独立行政法人国立病院機構八戸病院","どくりつぎょうせいほうじんこくりつびょういんきこうはちのへびょういん","1013205001281","青森県八戸市","吹上３丁目１３の１","0178-45-6111","0178-43-7814",,"療養介護","独立行政法人国立病院機構八戸病院","どくりつぎょうせいほうじんこくりつびょういんきこうはちのへびょういん","0210301180","青森県八戸市","吹上三丁目１３−１","0178-45-6111","0178-43-7814",,40.49936583,141.49482879,"","","","","","",
"03201","A0000030725","盛岡市","独立行政法人国立病院機構盛岡医療センター","どくりつぎょうせいほうじんこくりつびょういんきこうもりおかいりょうせんたー","1013205001281","岩手県盛岡市","青山一丁目25番１号","019-647-2195","019-646-1195","https://morioka.hosp.go.jp/index.html","療養介護","独立行政法人国立病院機構盛岡医療センター","どくりつぎょうせいほうじんこくりつびょういんきこうもりおかいりょうせんたー","0310101928","岩手県盛岡市","青山一丁目25番１号","019-647-2195","019-646-1195",,39.72333536,141.11073144,"","","","",,,40
"03000","E0000013879","岩手県","独立行政法人国立病院機構花巻病院","どくりつぎょうせいほうじんこくりつびょういんきこうはなまきびょういん","1013205001281","岩手県花巻市","諏訪500番地","0198-24-0511","0198-24-1721","https://hanamaki.hosp.go.jp/","療養介護","独立行政法人国立病院機構花巻病院","どくりつぎょうせいほうじんこくりつびょういんきこうはなまきびょういん","0310500384","岩手県花巻市","諏訪500番地","0198-24-0511","0198-24-1721","https://hanamaki.hosp.go.jp/",39.36899160,141.10831345,"","","","",,,60
"03000","E0000014025","岩手県","独立行政法人国立病院機構","どくりつぎょうせいほうじんこくりつびょういんきこう","1013205001281","岩手県一関市","山目字泥田山下４８","0191-25-2221","0191-25-2157","","療養介護","独立行政法人国立病院機構　岩手病院","どくりつぎょうせいほうじんこくりつびょういんきこういわてびょういん","0310900220","岩手県一関市","山目字泥田山下４８","0191-25-2221","0191-25-2157","",38.93943642,141.11519818,"","","","",,,150
"03000","E0000014121","岩手県","独立行政法人国立病院機構釜石病院","どくりつぎょうせいほうじんこくりつびょういんきこうかまいしびょういん","1013205001281","岩手県釜石市","定内町４丁目７番１号","0193-23-7111","0193-25-1820","http://www.nhokamaishi.jp/","療養介護","独立行政法人国立病院機構釜石病院","どくりつぎょうせいほうじんこくりつびょういんきこうかまいしびょういん","0311100218","岩手県釜石市","定内町４丁目７番１号","0193-23-7111","0193-25-1820","http://www.nhokamaishi.jp/",39.25022090,141.83584140,"","","","",,,80
"03000","E0000014297","岩手県","社会福祉法人　新生会","しゃかいふくしほうじんしんせいかい","4400005002402","岩手県紫波郡矢巾町","室岡１２−１２８−１法人本部事務局","019-611-0242","019-611-0252","https://www.i-shinseikai.jp/","療養介護","みちのく療育園メディカルセンター","みちのくりょういくえんめでぃかるせんたー","0312205156","岩手県紫波郡矢巾町","煙山２４−１みちのく療育園メディカルセンター","019-611-0600","019-611-0601","https://www.i-shinseikai.jp/",39.60599119,141.14295229,"","","","",,,60
"04100","E0000057590","仙台市","社会福祉法人　陽光福祉会","しゃかいふくしほうじんようこうふくしかい","8370005001503","宮城県仙台市青葉区","芋沢字横前１番地の１","022-394-7711","022-394-7714","https://www.yokofuku.or.jp/","療養介護","仙台エコー医療療育センター","せんだいえこーいりょうりょういくせんたー","0415100056","宮城県仙台市青葉区","芋沢字横前１番地の１","022-394-7711","022-394-7714","http://www.yokofuku.or.jp/echosmid/",38.29276957,140.75945508,"","","","",,,110
"04100","E0000057995","仙台市","独立行政法人国立病院機構仙台西多賀病院","どくりつぎょうせいほうじんこくりつびょういんきこうせんだいにしたがびょういん","1013205001281","宮城県仙台市太白区","鈎取本町２丁目１１−１１","022-245-2111","022-243-2530","http://www.nishitaga-hosp.jp/","療養介護","独立行政法人国立病院機構仙台西多賀病院","どくりつぎょうせいほうじんこくりつびょういんきこうせんだいにしたがびょういん","0415400019","宮城県仙台市太白区","鈎取本町２丁目１１−１１","022-245-2111","022-243-2530","http://www.nishitaga-hosp.jp/",38.22648521,140.83364603,"","","","","","",
"04100","E0000058128","仙台市","独立行政法人国立病院機構仙台西多賀病院","どくりつぎょうせいほうじんこくりつびょういんきこうせんだいにしたがびょういん","1013205001281","宮城県仙台市太白区","鈎取本町２丁目１１−１１","022-245-2111","022-243-2530","http://www.nishitaga-hosp.jp/","療養介護","独立行政法人国立病院機構仙台西多賀病院","どくりつぎょうせいほうじんこくりつびょういんきこうせんだいにしたがびょういん","0415401116","宮城県仙台市太白区","鈎取本町２丁目１１−１１","022-245-2111","022-243-2530",,38.22648521,140.83364603,"","","","","","",
"04000","E0000015779","宮城県","独立行政法人国立病院機構宮城病院","どくりつぎょうせいほうじんこくりつびょういんきこうみやぎびょういん","1013205001281","宮城県亘理郡山元町","高瀬字合戦原１００","0223-37-1131","0223-37-3316","http://www.mnh.go.jp/","療養介護","独立行政法人国立病院機構宮城病院","どくりつぎょうせいほうじんこくりつびょういんきこうみやぎびょういん","0412400046","宮城県亘理郡山元町","高瀬字合戦原１００","0223-37-1131","0223-37-3316","http://www.mnh.go.jp/",37.94306820,140.89178980,"","","","",,,130
"05201","A0000001961","秋田市","地方独立行政法人　秋田県立療育機構","ちほうどくりつぎょうせいほうじんあきたけんりつりょういくきこう","7410005001796","秋田県秋田市","南ケ丘一丁目１番２号","018-826-2401","018-826-2407","http://www.airc.or.jp/","療養介護","秋田県立医療療育センター","あきたけんりついりょうりょういくせんたー","0510100548","秋田県秋田市","南ケ丘一丁目１番２号","018-826-2401","018-826-2407","http://www.airc.or.jp/",39.69012107,140.15990166,"","","","",,,
"05000","E0000016710","秋田県","独立行政法人国立病院機構　あきた病院","どくりつぎょうせいほうじんこくりつびょういんきこうあきたびょういん","1013205001281","秋田県由利本荘市","岩城内道川字井戸ノ沢８４−４０","0184-73-2002","0184-73-2370","https://akita.hosp.go.jp/","療養介護","独立行政法人国立病院機構　あきた病院","どくりつぎょうせいほうじんこくりつびょういんきこうあきたびょういん","0511000093","秋田県由利本荘市","岩城内道川字井戸ノ沢８４−４０","0184-73-2002","0184-73-2370","https://akita.hosp.go.jp/",39.56148933,140.06025642,"","","","",,,160
"05000","E0000016721","秋田県","独立行政法人国立病院機構　あきた病院","どくりつぎょうせいほうじんこくりつびょういんきこうあきたびょういん","1013205001281","秋田県由利本荘市","岩城内道川字井戸ノ沢８４−４０","0184-73-2002","0184-73-2370","https://akita.hosp.go.jp/","療養介護","独立行政法人国立病院機構　あきた病院","どくりつぎょうせいほうじんこくりつびょういんきこうあきたびょういん","0511000200","秋田県由利本荘市","岩城内道川字井戸ノ沢８４−４０","0184-73-2002","0184-73-2370","https://akita.hosp.go.jp",39.56148933,140.06025642,"","","","",,,130
"06000","E0000059414","山形県","山形県","やまがたけん","5000020060003","山形県山形市","松波二丁目８番１号","023-630-2266","023-630-2111","http://www.pref.yamagata.jp/","療養介護","山形県立こども医療療育センター","やまがたけんりつこどもいりょうりょういくせんたー","0610800047","山形県上山市","河崎３−７−１","023-673-3366","023-673-3757","https://www.pref.yamagata.jp/ou/kenkofukushi/091007/",38.15139500,140.26252720,"","","","",,,60
"06201","E0000058969","山形市","独立行政法人国立病院機構山形病院","どくりつぎょうせいほうじんこくりつびょういんきこうやまがたびょういん","1013205001281","山形県山形市","行才１２６番地２","023-684-5566","023-684-2519","https://www.hosp.go.jp/index.html","療養介護","独立行政法人国立病院機構山形病院","どくりつぎょうせいほうじんこくりつびょういんきこうやまがたびょういん","0610100323","山形県山形市","行才１２６番地２","023-684-5566","023-684-2519","http://www.hosp.go.jp/~yamagata/",38.28870409,140.30925145,"","","","",,,100
"07204","E0000017954","いわき市","社会福祉法人いわき福音協会","しゃかいふくしほうじんいわきふくいんきょうかい","2380005005715","福島県いわき市","平上平窪字羽黒４０番地の４４法人本部事務局","0246-23-1903","0246-23-1905","http://i-fukuin.com","療養介護","福島整肢療護園","ふくしませいしりょうごえん","0710401555","福島県いわき市","平上平窪字古舘１の２","0246-25-8131","0246-22-1259","http://www.ryogoen.jp",37.09267186,140.88874309,"","","","",,,60
"07204","E0000017831","いわき市","独立行政法人国立病院機構いわき病院","どくりつぎょうせいほうじんこくりつびょういんきこういわきびょういん","1013205001281","福島県いわき市","小名浜野田字八合88-1","0246-88-7101","0246-88-7075","https://iwaki.hosp.go.jp/","療養介護","独立行政法人国立病院機構いわき病院","どくりつぎょうせいほうじんこくりつびょういんきこういわきびょういん","0710400532","福島県いわき市","小名浜野田字八合88-1","0246-88-7101","0246-88-7075","https://iwaki.hosp.jp/",36.98175298,140.88057729,"","","","",,,104
"07000","E0000018083","福島県","独立行政法人国立病院機構福島病院","どくりつぎょうせいほうじんこくりつびょういんきこうふくしまびょういん","1013205001281","福島県須賀川市","芦田塚１３","0248-75-2131","0248-76-2382","https://fukushima.hosp.go.jp/","療養介護","独立行政法人国立病院機構福島病院","どくりつぎょうせいほうじんこくりつびょういんきこうふくしまびょういん","0710700378","福島県須賀川市","芦田塚１３","0248-75-2131","0248-76-2382",,37.29196855,140.38698623,"","","","",,,180
"08201","E0000060752","水戸市","茨城県","いばらきけん","050005000504 ","茨城県水戸市","杉崎町１４６０番地","029-259-9666","029-259-9677","https://www.ibaraki-fukusi.jp/","療養介護","茨城県立あすなろの郷","いばらきけんりつあすなろのさと","0810100198","茨城県水戸市","杉崎町１４６０","029-259-3121","029-259-6904","https://asunaronosato.or.jp/",36.38927525,140.34309786,"","","","",,,40
"08000","E0000061144","茨城県","社会福祉法人　芳香会","しゃかいふくしほうじんほうこうかい","2050005005541","茨城県古河市","上大野６９８番地","0280-97-1027","0280-97-1112","http://www.houkoukai.or.jp/","療養介護","芳香会病院青嵐荘療育園","ほうこうかいびょういんせいらんしょうりょういくえん","0810400077","茨城県古河市","上大野６９８","0280-98-2782","0280-98-4264","http://www.houkoukai.or.jp/",36.21013560,139.77438760,"","","","",,,50
"08000","E0000061420","茨城県","社会福祉法人　愛正会","しゃかいふくしほうじんあいせいかい","6050005007435","茨城県高萩市","大字下手綱字大谷口１９５１番地の１５","0293-24-6322","0293-24-6322","https://www.aiseikai.org/","療養介護","水方苑","すいほうえん","0811400084","茨城県高萩市","下手綱１９５１−１５","0293-24-6661","0293-24-6663","http://www.health-care.or.jp/suihou/index.php",36.72870045,140.69086920,"","","","",,,60
"08201","E0000060901","水戸市","社会福祉法人　愛正会","しゃかいふくしほうじんあいせいかい","6050005007435","茨城県高萩市","大字下手綱字大谷口１９５１-１５","0293-24-6322","0293-24-6322","http://www.aiseikai.org/","療養介護","愛正会記念茨城福祉医療センター","あいせいかいきねんいばらきふくしいりょうせんたー","0810101725","茨城県水戸市","元吉田町1872-1","029-353-7171","029-353-6112","https://www.aiseikai-kinen-hp.com",36.33900028,140.47428801,"","","","",,,135
"08000","E0000062345","茨城県","独立行政法人　国立病院機構　茨城東病院","どくりつぎょうせいほうじんこくりつびょういんきこういばらきひがしびょういん","1013205001281","茨城県那珂郡東海村","照沼８２５","029-282-1151","029-282-7156","https://www.ibarakihigashi-hospital.jp/","療養介護","独立行政法人　国立病院機構　茨城東病院","どくりつぎょうせいほうじんこくりつびょういんきこういばらきひがしびょういん","0813300068","茨城県那珂郡東海村","照沼８２５","029-282-1151","029-282-7156","https://www.ibarakihigashi-hospital.jp/",36.43763685,140.59534378,"","","","",,,120
"09201","E0000019380","宇都宮市","独立行政法人　国立病院機構宇都宮病院","どくりつぎょうせいほうじんこくりつびょういんきこううつのみやびょういん","1013205001281","栃木県宇都宮市","下岡本町2160","028-673-2111","028-673-6148","","療養介護","独立行政法人国立病院機構宇都宮病院","どくりつぎょうせいほうじんこくりつびょういんきこううつのみやびょういん","0912100054","栃木県宇都宮市","下岡本町2160","028-673-2111","028-673-6148","https://utsunomiya.hosp.go.jp/",36.59887851,139.93843539,"","","","",,,100
"09203","E0000066008","栃木市","社会福祉法人星風会","しゃかいふくしほうじんせいふうかい","8060005005485","栃木県栃木市","田村町928","0282-27-3969","0282-27-5408","http://www.sfk.or.jp","療養介護","星風会病院星風院","せいふうかいびょういんせいふういん","0910300169","栃木県栃木市","田村町925-2","0282-27-5222","0282-27-5482",,36.39341668,139.78336263,"","","","",,,60
"09000","E0000064715","栃木県","社会福祉法人邦友会","しゃかいふくしほうじんほうゆうかい","3060005004302","栃木県大田原市","北金丸2600-7","0287-20-5100","0287-20-5121","https://hoyukai.iuhw.ac.jp/","療養介護","なす療育園","なすりょういくえん","0911000149","栃木県大田原市","北金丸2600-7","0287-20-5100","0287-20-5121","https://hoyukai.iuhw.ac.jp/",36.87154120,140.07102070,"","","","",,,50
"10202","E0000019832","高崎市","社会福祉法人榛桐会","しゃかいふくしほうじんしんとうかい","9070005002539","群馬県高崎市","大八木町168番地1社会福祉法人榛桐会　さわらび医療福祉センター","027-361-6111","027-361-6112","http://www.shintokai.jp/","療養介護","さわらび医療福祉センター","さわらびいりょうふくしせんたー","1010200606","群馬県高崎市","大八木町168番地1","027-361-6111","027-361-6112","http://www.shintokai.jp/",36.36078283,138.99243416,"","","","",,,105
"10202","A0000006345","高崎市","社会福祉法人二之沢愛育会","しゃかいふくしほうじんにのさわあいいくかい","5070005002889","群馬県高崎市","足門町146-1","027-373-2277","027-373-2278","https://www.aiiku-kai.com/","療養介護","群馬整肢療護園","ぐんませいしりょうごえん","1010200267","群馬県高崎市","足門町１４６−１","027-373-2277","027-373-2278",,36.40171630,138.98170980,"","","","",,,110
"10000","E0000019970","群馬県","社会福祉法人桐生療育双葉会","しゃかいふくしほうじんきりゅうりょういくふたばかい","9070005005095","群馬県桐生市","広沢町1丁目2648-1","0277-54-1182","0277-53-7003","https://ryouiku-futabakai.or.jp/","療養介護","療養介護サービス事業所　両毛整肢療護園","りょうようかいごさーびすじぎょうしょりょうもうせいしりょうごえん","1010300182","群馬県桐生市","広沢町１丁目２６４８−１","0277-54-1182","0277-54-7003","https://ryouiku-futabakai.or.jp/",36.39264190,139.33280720,"","","","",,,60
"10000","E0000020297","群馬県","独立行政法人　国立病院機構　渋川医療センター","どくりつぎょうせいほうじんこくりつびょういんきこうしぶかわいりょうせんたー",,"群馬県渋川市","白井３８３番地独立行政法人国立病院機構渋川医療センター","0279-23-1010","0279-23-1011","https://shibukawa.hosp.go.jp/","療養介護","独立行政法人　国立病院機構　渋川医療センター","どくりつぎょうせいほうじんこくりつびょういんきこうしぶかわいりょうせんたー","1010800165","群馬県渋川市","白井３８３番地独立行政法人国立病院機構渋川医療センター","0279-23-1010","0279-23-1011","https://shibukawa.hosp.go.jp/",36.50965174,139.01783726,"","","","",,,100
"10000","E0000020412","群馬県","社会福祉法人希望の家","しゃかいふくしほうじんきぼうのいえ","3070005005126","群馬県みどり市","大間々町大間々２２−４","0277-73-2605","0277-73-6462","http://www.kibounoie.or.jp","療養介護","療育センター　きぼう","りょういくせんたきぼう","1011200035","群馬県みどり市","大間々町大間々２２−４","0277-73-2605","0277-73-6462","http://www.kibounoie.or.jp",36.41534933,139.28489207,"","","","",,,132
"11100","A0000038717","さいたま市","社会福祉法人　桜楓会","しゃかいふくしほうじんおうふうかい","9030005018828","埼玉県さいたま市岩槻区","馬込２１００","048-797-6915","048-797-6925","http://www.ohfukai.jp","療養介護","医療型障害児入所施設　カリヨンの杜","いりょうがたしょうがいじにゅうしょしせつかりよんのもり","1116510544","埼玉県さいたま市岩槻区","馬込２１００番地","048-797-6915","048-797-6925",,35.96847635,139.65496348,"","","","",,,2
"11000","E0000067892","埼玉県","社会福祉法人清風会","しゃかいふくしほうじんせいふうかい","4030005013429","埼玉県熊谷市","津田１８５５−１","0493-39-2851","0493-39-2247","http://www.seifu-kai.or.jp","療養介護","福祉医療センター太陽の園","ふくしいりょうせんたーたいようのその","1113100208","埼玉県熊谷市","津田１８５５−１","0493-39-2851","0493-39-2247","http://www.seifu-kai.or.jp",36.09450872,139.42579854,"","","","",,,70
"11000","E0000067413","埼玉県","社会福祉法人 埼玉医療福祉会","しゃかいふくしほうじんさいたまいりょうふくしかい","4030005011028","埼玉県入間郡毛呂山町","毛呂本郷３８","049-276-2088","049-276-1739","https://www.saitama-mwa.or.jp/","療養介護","光の家療育センター","ひかりのいえりょういくせんたー","1112433451","埼玉県入間郡毛呂山町","小田谷瀬田１６２","049-276-1357","049-295-5103",,35.94155240,139.31599520,"","","","",,,332
"11000","E0000067985","埼玉県","社会福祉法人埼玉県社会福祉事業団","しゃかいふくしほうじんさいたまけんしゃかいふくしじぎょうだん","3030005011879","埼玉県比企郡嵐山町","古里１８４８嵐山郷","0493-62-9191","0493-61-0152","http://sswc-gr.jp/sswc/","療養介護","埼玉県立嵐山郷","さいたまけんりつらんざんごう","1113214322","埼玉県比企郡嵐山町","古里１８４８嵐山郷","0493-62-6221","0493-62-8944","http://sswc-gr.jp/ranzan/",36.10673580,139.30079642,"","","","",,,60
"11000","E0000066775","埼玉県","社会福祉法人東埼玉","しゃかいふくしほうじんひがしさいたま","8030005010496","埼玉県北葛飾郡松伏町","下赤岩２２２番地","048-992-2701","048-992-2702","https://www.nakagawanosato.or.jp","療養介護","中川の郷療育センター","なかがわのさとりょういくせんたー","1111175020","埼玉県北葛飾郡松伏町","下赤岩２２２番地","048-992-2701","048-992-2702","https://nakagawanosato.or.jp",35.90748813,139.84039052,"","","","",,,72
"12100","E0000023064","千葉市","千葉市（社会福祉法人千葉市社会福祉協議会）","ちばし","6000020121002","千葉県千葉市中央区","千葉港１−１","043-245-5227","043-245-5630","https://www.city.chiba.jp/（https://chiba-shakyo.jp）","療養介護","千葉市桜木園","ちばしさくらぎえん","1210101174","千葉県千葉市若葉区","桜木８丁目３１番１５号","043-231-5865","043-231-7862","https://www.shafuku-chiba.jp/sakuragi",35.62641210,140.16519194,"","","","",,,50
"12100","E0000023066","千葉市","独立行政法人国立病院機構千葉東病院","どくりつぎょうせいほうじんこくりつびょういんきこうちばひがしびょういん","1013205001281","千葉県千葉市中央区","仁戸名町６７３番地","043-261-5171","043-268-2613","http://www.chiba-easthp.jp/","療養介護","独立行政法人国立病院機構千葉東病院","どくりつぎょうせいほうじんこくりつびょういんきこうちばひがしびょういん","1210101182","千葉県千葉市中央区","仁戸名町６７３番地","043-261-5171","043-268-2613","http://www.chiba-easthp.jp/",35.58357610,140.16020510,"","","","",,,120
"12100","E0000023061","千葉市","社会福祉法人千葉県身体障害者福祉事業団","しゃかいふくしほうじんちばけんしんたいしょうがいしゃふくしじぎょうだん","5040005001522","千葉県千葉市緑区","誉田町１丁目４５番２","043-291-1831","043-291-1857","http://www.chiba-reha.jp/","療養介護","愛育園","あいいくえん","1210101158","千葉県千葉市緑区","誉田町１丁目４５番２","043-291-1831","043-291-1853","http://www.chiba-reha.jp/",35.55717330,140.19228560,"","","","",,,132
"12000","E0000071220","千葉県","社会福祉法人ロザリオの聖母会","しゃかいふくしほうじんろざりおのせいぼかい","9040005012169","千葉県旭市","野中４０１７ロザリオの聖母会　法人本部","0479-60-0600","0479-60-0660","https://www.rosario.jp/","療養介護","聖母療育園","せいぼりょういくえん","1211400195","千葉県旭市","野中３８３１","0479-60-0602","0479-60-0662","http://www.rosario.jp/seiboryo",35.70362502,140.68309620,"","","","",,,50
"12217","E0000023611","柏市","社会福祉法人創仁会","しゃかいふくしほうじんそうじんかい","8040005017788","千葉県柏市","酒井根24番地","04-7176-7710","04-7176-7718","https://koyoen.jp","療養介護","東葛医療福祉センター光陽園","とうかついりょうふくしせんたーこうようえん","1212101248","千葉県柏市","酒井根24番地","04-7176-7710","04-7176-7718","https://koyoen.jp",35.81945823,139.96078058,"","","","",,,86
"12000","E0000072401","千葉県","独立行政法人国立病院機構下志津病院","どくりつぎょうせいほうじんこくりつびょういんきこうしもしづびょういん","1013205001281","千葉県四街道市","鹿渡９３４の５","043-422-2511","043-421-3007",,"療養介護","独立行政法人国立病院機構下志津病院","どくりつぎょうせいほうじんこくりつびょういんきこうしもしづびょういん","1214400119","千葉県四街道市","鹿渡９３４の５","043-422-2511","043-421-3007",,35.66511875,140.16625547,"","","","",,,90
"12000","E0000072417","千葉県","独立行政法人国立病院機構下志津病院","どくりつぎょうせいほうじんこくりつびょういんきこうしもしづびょういん","1013205001281","千葉県四街道市","鹿渡９３４の５","043-422-2511","043-421-3007",,"療養介護","独立行政法人国立病院機構下志津病院","どくりつぎょうせいほうじんこくりつびょういんきこうしもしづびょういん","1214400259","千葉県四街道市","鹿渡934-5","043-422-2511","043-421-3007","",35.66542694,140.16519728,"","","","",,,120
"13000","E0000076298","東京都","東京都","とうきょうと","8000020130001","東京都新宿区","西新宿２−８−１","03-5321-1111",,"https://www.metro.tokyo.lg.jp/","療養介護","東京都立東部療育センター","とうきょうとりつとうぶりょういくせんたー","1310801202","東京都江東区","新砂３−３−２５","03-5632-8070","03-5632-8071","http://www.tobu-ryoiku.jp/",35.66381880,139.83317790,"","","","","","",
"13000","E0000078601","東京都","東京都","とうきょうと","8000020130001","東京都新宿区","西新宿２−８−１","03-5321-1111",,"https://www.metro.tokyo.lg.jp/","療養介護","東京都立北療育医療センター","とうきょうとりつきたりょういくいりょうせんたー","1311701518","東京都北区","十条台１−２−３","03-3908-3001","03-3908-2984","https://www.fukushi.metro.tokyo.lg.jp/kitaryou/index.html",35.75403720,139.72307850,"","","","","","",
"13000","E0000078602","東京都","東京都","とうきょうと","8000020130001","東京都新宿区","西新宿２−８−１","03-5321-1111",,"https://www.metro.tokyo.lg.jp/","療養介護","東京都立北療育医療センター","とうきょうとりつきたりょういくいりょうせんたー","1311701526","東京都北区","十条台１−２−３","03-3908-3001","03-3908-2984","https://www.fukushi.metro.tokyo.lg.jp/kitaryou/index.html",35.75403720,139.72307850,"","","","","","",
"13000","E0000081556","東京都","東京都","とうきょうと","8000020130001","東京都新宿区","西新宿２−８−１","03-5321-1111",,"https://www.metro.tokyo.lg.jp/","療養介護","東京都立府中療育センター","とうきょうとりつふちゅうりょういくせんたー","1312900879","東京都府中市","武蔵台２−９−２","042-323-5115","042-322-6207","http://www.fukushi.metro.tokyo.jp/fuchuryo/index.html",35.69204250,139.46425310,"","","","",,,260
"13000","E0000082873","東京都","東京都","とうきょうと","8000020130001","東京都新宿区","西新宿２−８−１","03-5321-1111",,"https://www.metro.tokyo.lg.jp/","療養介護","東京都立東大和療育センター","とうきょうとりつひがしやまとりょういくせんたー","1314300342","東京都東大和市","桜が丘３−４４−１０","042-567-0222","042-567-0224","http://www.hmc-smid.jp/index.html",35.73200130,139.42134420,"","","","","","",
"01100","A0000105461","札幌市","独立行政法人国立病院機構","どくりつぎょうせいほうじんこくりつびょういんきこう","1013205001281","東京都目黒区","東が丘2丁目5番21号","03-5712-5050","03-5712-5081","https://nho.hosp.go.jp","療養介護","独立行政法人国立病院機構北海道医療センター","どくりつぎょうせいほうじんこくりつびょういんきこうほっかいどういりょうせんたー","0110701174","北海道札幌市西区","山の手五条７丁目１番１号","011-611-8111","011-611-5820","https://hokkaido-mc.hosp.go.jp",43.06885318,141.28941154,"","","","",,,
"01100","A0000105466","札幌市","独立行政法人国立病院機構","どくりつぎょうせいほうじんこくりつびょういんきこう","1013205001281","東京都目黒区","東が丘2丁目5番21号","03-5712-5050","03-5712-5081","https://nho.hosp.go.jp","療養介護","独立行政法人国立病院機構北海道医療センター","どくりつぎょうせいほうじんこくりつびょういんきこうほっかいどういりょうせんたー","0110701166","北海道札幌市西区","山の手五条７丁目１番１号","011-611-8111","011-611-5820","https://hokkaido-mc.hosp.go.jp",43.06885318,141.28941154,"","","","",,,
"06000","E0000059054","山形県","独立行政法人国立病院機構","どくりつぎょうせいほうじんこくりつびょういんきこう","1013205001281","東京都目黒区","東が丘2丁目5番21号　","03-5712-5050","03-5712-5081","https://nho.hosp.go.jp/","療養介護","独立行政法人国立病院機構米沢病院","どくりつぎょうせいほうじんこくりつびょういんきこうよねざわびょういん","0610200164","山形県米沢市","大字三沢26100番地の1　","0238-22-3210","0238-22-3210","https://yonezawa.hosp.go.jp/",37.88406401,140.13925061,"","","","",,,120
"11000","E0000068699","埼玉県","独立行政法人国立病院機構","どくりつぎょうせいほうじんこくりつびょういんきこう","1013205001281","東京都目黒区","東が丘二丁目５番２１号","048-768-1161","048-769-5347","http://esaitama-nhs.jp/","療養介護","独立行政法人国立病院機構　東埼玉病院","どくりつぎょうせいほうじんこくりつびょういんきこうひがしさいたまび","1115700070","埼玉県蓮田市","黒浜４１４７","048-768-1161","048-769-5347",,35.99730306,139.67637553,"","","","",,,117
"11000","E0000068710","埼玉県","独立行政法人国立病院機構","どくりつぎょうせいほうじんこくりつびょういんきこう","1013205001281","東京都目黒区","東が丘二丁目５番２１号","048-768-1161","048-769-5347","http://esaitama-nhs.jp/","療養介護","独立行政法人国立病院機構東埼玉病院","どくりつぎょうせいほうじんこくりつびょういんきこうひがしさいたまび","1115700195","埼玉県蓮田市","黒浜４１４７","048-768-1161","048-769-5347",,35.99730306,139.67637553,"","","","","","",
"14000","E0000089777","神奈川県","独立行政法人国立病院機構","どくりつぎょうせいほうじんこくりつびょういんきこう","1013205001281","東京都目黒区","東が丘二丁目５番２１号","03-5712-5050","03-5712-5081","https://hosp.go.jp/","療養介護","独立行政法人国立病院機構箱根病院","どくりつぎょうせいほうじんこくりつびょういんきこうはこねびょういん","1412300145","神奈川県小田原市","風祭４１２","0465-22-3196","0465-23-1167","http://hakonehosp.com/",35.24750094,139.12877856,"","","","",,,114
"14000","E0000090105","神奈川県","独立行政法人国立病院機構","どくりつぎょうせいほうじんこくりつびょういんきこう","1013205001281","東京都目黒区","東が丘二丁目５番２１号","03-5712-5050","03-5712-5081","https://hosp.go.jp/","療養介護","独立行政法人国立病院機構神奈川病院","どくりつぎょうせいほうじんこくりつびょういんきこう","1412800300","神奈川県秦野市","落合６６６番地の１","0463-81-1771","0463-82-7533","http://kanagawa-hosp.jp/",35.38639853,139.23110295,"","","","",,,120
"20202","E0000026883","松本市","独立行政法人国立病院機構","どくりつぎょうせいほうじんこくりつびょういんきこう","1013205001281","東京都目黒区","東が丘二丁目5番21号","0263-58-4567","0263-86-3183","https://matsumoto.hosp.go.jp/","療養介護","独立行政法人国立病院機構まつもと医療センターひだまり","どくりつぎょうせいほうじんこくりつびょういんきこうまつもといりょうせんたーひだまり","2010200398","長野県松本市","村井町南2−20−30","0263-58-4567","0263-86-3183","http://mmccenta.jp",36.17601209,137.96426998,"","","","",,,30
"20202","E0000026948","松本市","独立行政法人国立病院機構","どくりつぎょうせいほうじんこくりつびょういんきこう","1013205001281","東京都目黒区","東が丘二丁目5番21号","0263-58-4567","0263-86-3183","https://matsumoto.hosp.go.jp/","療養介護","独立行政法人国立病院機構まつもと医療センター","どくりつぎょうせいほうじんこくりつびょういんきこうまつもといりょうせんたー","2010200869","長野県松本市","村井町南2-20-30","0263-58-4567","0263-86-3183","http://mmccenta.jp",36.17600653,137.96425609,"","","","",,,100
"27203","E0000036772","豊中市","独立行政法人国立病院機構","どくりつぎょうせいほうじんこくりつびょういんきこう","1013205001281","東京都目黒区","東が丘２丁目５番２１号","03-5712-5050","03-5712-5081","https://nho.hosp.go.jp/","療養介護","独立行政法人国立病院機構大阪刀根山医療センター","どくりつぎょうせいほうじんこくりつびょういんきこうおおさかとねやまいりょうせんたー","2714000011","大阪府豊中市","刀根山五丁目１番１号","06-6853-2001","06-6853-3127","https://toneyama.hosp.go.jp/",34.79420310,135.45320360,"","","","",,,80
"30000","E0000134968","和歌山県","独立行政法人国立病院機構","どくりつぎょうせいほうじんこくりつびょういんきこう","1013205001281","東京都目黒区","東が丘2丁目5番21号","0738-22-3256","0738-23-3104","https://nho.hosp.go.jp/","療養介護","独立行政法人国立病院機構和歌山病院","どくりつぎょうせいほうじんこくりつびょういんきこうわかやまびょういん","3012100032","和歌山県日高郡美浜町","和田１１３８","0738-22-3256","0738-23-3104","http://www.wakayama-hosp.jp/",33.89570207,135.12902066,"","","","",,,163
"33000","E0000137729","岡山県","独立行政法人国立病院機構","どくりつぎょうせいほうじんこくりつびょういんきこう","1013205001281","東京都目黒区","東が丘２丁目５番２１号","03-5712-5050","03-5712-5081","https://nho.hosp.go.jp/","療養介護","独立行政法人国立病院機構　南岡山医療センター","どくりつぎょうせいほうじんこくりつびょういんきこうみなみおかやまいりょうせんたー","3312600038","岡山県都窪郡早島町","早島４０６６","086-482-1121","086-482-3883","https://minamiokayama.hosp.go.jp/",34.61424726,133.82358710,"","","","",,,39
"33000","E0000137730","岡山県","独立行政法人国立病院機構","どくりつぎょうせいほうじんこくりつびょういんきこう","1013205001281","東京都目黒区","東が丘２丁目５番２１号","03-5712-5050","03-5712-5081","https://nho.hosp.go.jp/","療養介護","独立行政法人国立病院機構南岡山医療センターつくし病棟","どくりつぎょうせいほうじんこくりつびょういんきこうみなみおかやまいりょうせんたーつくしびょうとう","3312600046","岡山県都窪郡早島町","早島４０６６番地","086-482-1121","086-482-3883","https://minamiokayama.hosp.go.jp/",34.61432260,133.82415970,"","","","",,,120
"37000","E0000046219","香川県","独立行政法人国立病院機構","どくりつぎょうせいほうじんこくりつびょういんきこう","1013205001281","東京都目黒区","東が丘2丁目5番21号","03-5712-5050","03-5712-5081","","療養介護","四国こどもとおとなの医療センター","しこくこどもとおとなのいりょうせんたー","3712012016","香川県善通寺市","仙遊町２丁目１番１号","0877-62-1000","0877-62-6311","http://shikoku-mc.hosp.go.jp/",34.22852454,133.77102810,"","","","",,,209
"37201","E0000140286","高松市","独立行政法人　国立病院機構","どくりつぎょうせいほうじんこくりつびょういんきこう","1013205001281","東京都目黒区","東が丘二丁目５番２１号　","03-5712-5050","03-5712-5081","https://nho.hosp.go.jp/","療養介護","高松医療センター療養介護","たかまついりょうせんたーりょうようかいご","3712020753","香川県高松市","新田町乙８番地","087-841-2146","087-843-5545","https://takamatsu.hosp.go.jp/",34.31959008,134.11073771,"","","","",,,80
"40000","E0000141421","福岡県","独立行政法人国立病院機構","どくりつぎょうせいほうじんこくりつびょういんきこう","1013205001281","東京都目黒区","東が丘２丁目５番２１号","03-5712-5050","03-5712-5081","http://www.hosp.go.jp/","療養介護","独立行政法人国立病院機構大牟田病院","どくりつぎょうせいほうじんこくりつびょういんきこうおおむたびょういん","4014400297","福岡県大牟田市","橘１０４４−１","0944-58-1122","0944-58-6804","https://www.oomuta-h.com/",33.07144977,130.47213370,"","","","",,,75
"40000","E0000141470","福岡県","独立行政法人国立病院機構","どくりつぎょうせいほうじんこくりつびょういんきこう","1013205001281","東京都目黒区","東が丘２丁目５番２１号","03-5712-5050","03-5712-5081","http://www.hosp.go.jp/","療養介護","独立行政法人国立病院機構　大牟田病院","どくりつぎょうせいほうじんこくりつびょういんきこうおおむたびょういん","4014400586","福岡県大牟田市","大字橘１０４４の１","0944-58-1122","0944-58-6804","http://www.oomuta-h.com/",33.07144990,130.47213430,"","","","",,,80
"43000","A0000008700","熊本県","独立行政法人国立病院機構","どくりつぎょうせいほうじんこくりつびょういんきこう","1013205001281","東京都目黒区","東が丘二丁目５番２１号","03-5712-5050","03-5712-5081","http://www.hosp.go.jp/","療養介護","独立行政法人国立病院機構　熊本南病院","どくりつぎょうせいほうじんこくりつびょういんきこうくまもとみなみびょういん","4312700638","熊本県宇城市","松橋町豊福２３３８","0964-32-0826","0964-33-3207","http://www.hosp.go.jp/~kumanann/",32.63994830,130.70432830,"","","","",,,26
"43000","E0000053352","熊本県","独立行政法人国立病院機構","どくりつぎょうせいほうじんこくりつびょういんきこう","1013205001281","東京都目黒区","東が丘二丁目５番２１号","03-5712-5050","03-5712-5081","http://www.hosp.go.jp/","療養介護","独立行政法人国立病院機構熊本再春医療センター","どくりつぎょうせいほうじんこくりつびょういんきこうくまもとさいしゅんいりょうせんたー","4312900089","熊本県合志市","須屋２６５９番地","096-242-1000","096-242-2619","https://saishun.hosp.go.jp/",32.87945230,130.75124890,"","","","",,,72
"43000","E0000053354","熊本県","独立行政法人国立病院機構","どくりつぎょうせいほうじんこくりつびょういんきこう","1013205001281","東京都目黒区","東が丘二丁目５番２１号","03-5712-5050","03-5712-5081","http://www.hosp.go.jp/","療養介護","独立行政法人国立病院機構　菊池病院","どくりつぎょうせいほうじんこくりつびょういんきこうきくちびょういん","4312900097","熊本県合志市","福原２０８番地","096-248-2111","096-248-4559","http://www.kikuchi-nhp.jp/index.html",32.88639610,130.82221510,"","","","",,,100
"43000","E0000053383","熊本県","独立行政法人国立病院機構","どくりつぎょうせいほうじんこくりつびょういんきこう","1013205001281","東京都目黒区","東が丘二丁目５番２１号","03-5712-5050","03-5712-5081","http://www.hosp.go.jp/","療養介護","独立行政法人国立病院機構熊本再春医療センター","どくりつぎょうせいほうじんこくりつびょういんきこうくまもとさいしゅんいりょうせんたー","4312900303","熊本県合志市","須屋２６５９番地","096-242-1000","096-242-2619","https://saishun.hosp.go.jp/",32.87945230,130.75124890,"","","","",,,80
"47000","A0000108427","沖縄県","独立行政法人国立病院機構","どくりつぎょうせいほうじんこくりつびょういんきこう","1013205001281","東京都目黒区","東が丘２丁目５番21号","03-5712-5050",,"https://nho.hosp.go.jp/","療養介護","独立行政法人国立病院機構琉球病院","どくりつぎょうせいほうじんこくりつびょういんきこうりゅうきゅうびょういん","4711770018","沖縄県国頭郡金武町","金武7958番地１","098-968-2133",,"https://ryukyu.hosp.go.jp/",26.45151252,127.91084319,"","","","",,,
"09000","E0000064365","栃木県","社会福祉法人全国重症心身障害児（者）を守る会","しゃかいふくしほうじんぜんこくじゅうしょうしんしんしょうがいじしゃをまもるかい","7010905000797","東京都世田谷区","三宿2-30-9","03-3413-6781","03-3413-6919","http://ashikaganomori-hospital.jp/","療養介護","あしかがの森足利病院","あしかがのもりあしかがびょういん","0910200260","栃木県足利市","大沼田町615","0284-91-0611","0284-91-2867","",36.33746710,139.50438270,"","","","","","",
"13000","E0000079109","東京都","社会福祉法人日本肢体不自由児協会","しゃかいふくしほうじんにほんしたいふじゆうじきょうかい","8011405000188","東京都板橋区","小茂根１−１−７","03-3974-2146","03-3554-6176","http://www.nishikyo.or.jp/","療養介護","心身障害児総合医療療育センター　むらさき愛育園","しんしんしょうがいじそうごういりょうりょういくせんたーむらさきあいいくえん","1311902017","東京都板橋区","小茂根１−１−１０","03-3974-2146","03-3554-6176","https://www.ryouiku-net.com/",35.74751680,139.68271560,"","","","",,,142
"13000","E0000079110","東京都","社会福祉法人日本肢体不自由児協会","しゃかいふくしほうじんにほんしたいふじゆうじきょうかい","8011405000188","東京都板橋区","小茂根１−１−７","03-3974-2146","03-3554-6176","http://www.nishikyo.or.jp/","療養介護","心身障害児総合医療療育センター　整肢療護園","しんしんしょうがいじそうごういりょうりょういくせんたーせいしりょうごえん","1311902025","東京都板橋区","小茂根１−１−１０","03-3974-2146","03-3554-6176","https://www.ryouiku-net.com/",35.74751680,139.68271560,"","","","",,,98
"13000","E0000082230","東京都","一般財団法人多摩緑成会","いっぱんざいだんほうじんたまりょくせいかい","5012705000021","東京都小平市","小川西町２−３５−１緑成会病院","042-341-3011","042-345-1392",,"療養介護","緑成会整育園","りょくせいかいせいいくえん","1313400705","東京都小平市","小川町１−７４１−３４","042-341-3013","042-341-3016",,35.72726013,139.45002496,"","","","",,,
"13000","A0000025408","東京都","国立研究開発法人　国立精神・神経医療研究センター病院","こくりつけんきゅうかいはつほうじんくにたちせいしんしんけいいりょうけんきゅうせんたーびょういん","6012705001563","東京都小平市","小川東町４−１−１","042-341-2711",,"https://www.ncnp.go.jp/","療養介護","国立研究開発法人　国立精神・神経医療研究センター病院","こくりつけんきゅうかいはつほうじんこくりつせいしんしんけいいりょうけんきゅうせんたーびょういん","1313400713","東京都小平市","小川東町４−１−１","042-341-2711","042-346-1708","https://www.ncnp.go.jp/hospital/",35.73871233,139.47593880,"","","","",,,60
"13000","E0000082159","東京都","国立研究開発法人　国立精神・神経医療研究センター病院","こくりつけんきゅうかいはつほうじんくにたちせいしんしんけいいりょうけんきゅうせんたーびょういん","6012705001563","東京都小平市","小川東町４−１−１","042-341-2711",,"https://www.ncnp.go.jp/","療養介護","国立研究開発法人　国立精神・神経医療研究センター病院","こくりつけんきゅうかいはつほうじんくにたちせいしんしんけいいりょうけんきゅうせんたーびょういん","1313400218","東京都小平市","小川東町４−１−１","042-341-2711",,"https://www.ncnp.go.jp/hospital/",35.73871233,139.47593880,"","","","",,,
"13000","E0000082440","東京都","社会福祉法人天童会","しゃかいふくしほうじんてんどうかい","2021705000131","東京都東村山市","青葉町三丁目31番地１","042-391-1377","042-392-5422","http://www.tendoukai.net/","療養介護","秋津療育園","あきつりょういくえん","1313600585","東京都東村山市","青葉町３−３１−１","042-391-1377","042-392-5422",,35.76981762,139.49549158,"","","","","","",
"13000","E0000083079","東京都","社会福祉法人　鶴風会","しゃかいふくしほうじんかくふうかい","012805000138 ","東京都武蔵村山市","学園４−１０−１","042-561-2521","042-566-3753","http://kakufuh.com/","療養介護","東京小児療育病院","とうきょうしょうにりょういくびょういん","1314600261","東京都武蔵村山市","学園４−１０−１","042-561-2521","042-566-3753","http://kakufuh.com/",35.74406300,139.39810420,"","","","","","",
"13000","E0000083178","東京都","社会福祉法人日本心身障害児協会","しゃかいふくしほうじんにほんしんしんしょうがいじきょうかい","8013405000151","東京都多摩市","中沢１−３１−１","042-374-2071","042-372-9363","https://www.shimada-ryoiku.or.jp/","療養介護","島田療育センター","しまだりょういくせんたー","1314700459","東京都多摩市","中沢１−３１−１","042-374-2071","042-372-9363","https://www.shimada-ryoiku.or.jp/tama/",35.62198540,139.41149380,"","","","","","",
"14100","A0000012867","横浜市","社会福祉法人恩賜財団済生会支部神奈川県済生会","しゃかいふくしほうじんおんしざいだんさいせいかいしぶかながわけんさいせいかい","3010405001696","神奈川県横浜市神奈川区","西神奈川1丁目13番地10","045-423-2301","045-423-2300","http://skanagawa-saiseikai.jp/","療養介護","重症心身障害児（者）施設サルビア","じゅうしょうしんしんしょうがいじしゃしせつさるびあ","1410100430","神奈川県横浜市鶴見区","下末吉３丁目６番１号","045-576-3000","045-576-3559",,35.52394027,139.67507870,"","","","",,,40
"14100","A0000013278","横浜市","社会福祉法人　十愛療育会","しゃかいふくしほうじんじゅうあいりょういくかい","8020005003889","神奈川県横浜市港南区","港南台四丁目6番-20横浜医療福祉センター港南","045-830-5758","045-830-5767","http://www.jyuuairyouikukai.or.jp/","療養介護","横浜医療福祉センター港南","よこはまいりょうふくしせんたーこうなん","1413100890","神奈川県横浜市港南区","港南台四丁目６番２０号","045-830-5757","045-830-5767",,35.37242107,139.57389562,"","","","",,,
"14100","A0000013287","横浜市","社会福祉法人　十愛療育会","しゃかいふくしほうじんじゅうあいりょういくかい","8020005003889","神奈川県横浜市港南区","港南台四丁目6番-20横浜医療福祉センター港南","045-830-5758","045-830-5767","http://www.jyuuairyouikukai.or.jp/","療養介護","横浜療育医療センター","よこはまりょういくいりょうせんたー","1413200161","神奈川県横浜市旭区","市沢町５５７−２横浜療育センター内","045-352-6551","045-352-9241","https://jyuuairyouikukai.or.jp/yokoryo/",35.45585246,139.56401837,"","","","",,,
"14150","E0000094918","相模原市","社会福祉法人ワゲン福祉会","しゃかいふくしほうじんわげんふくしかい","7021005002618","神奈川県相模原市中央区","中央区小山３４２９総合相模更生病院","042-752-1808","042-752-1559","http://www.wagen.or.jp","療養介護","ワゲン療育病院長竹","わげんりょういくびょういんながたけ","1412603258","神奈川県相模原市緑区","緑区長竹４９４−１","042-784-7227","042-784-3800","http://www.wagen.or.jp/nagatake/",35.59565030,139.33770960,"","","","",,,40
"14150","E0000094614","相模原市","社会福祉法人慈恵療育会","しゃかいふくしほうじんじけいりょういくかい","6021005002627","神奈川県相模原市南区","南区若松１丁目２１番９号","042-749-6316","042-749-6356","http://jikeiryouikukai.or.jp/","療養介護","相模原療育園","さがみはらりょういくえん","1412600338","神奈川県相模原市南区","南区若松１丁目２１番９号","042-749-6316","042-749-6356","http://www.jikeiryouikukai.or.jp/index.html",35.53029740,139.43019490,"","","","",,,58
"14201","E0000095648","横須賀市","社会福祉法人みなと舎","しゃかいふくしほうじんみなとしゃ","6021005007642","神奈川県横須賀市","芦名二丁目８番１７号ゆう","046-855-3911","046-855-3912","http://www.minato-yuu.or.jp","療養介護","ライフゆう","らいふゆう","1411901653","神奈川県横須賀市","湘南国際村一丁目４番６号ライフゆう","046-856-6833","046-856-6834","http://minato-yuu.or.jp",35.25460127,139.60759442,"","","","",,,55
"14000","E0000089462","神奈川県","社会福祉法人聖テレジア会","しゃかいふくしほうじんせいてれじあかい","2021005002102","神奈川県鎌倉市","腰越一丁目２番１号","0467-31-1360","0467-32-6330","https://www.seiterejiakai.com","療養介護","鎌倉療育医療センター小さき花の園","かまくらりょういくいりょうせんたーちいさきはなのその","1412100248","神奈川県鎌倉市","腰越一丁目２番１号","0467-31-6703","0467-32-5841","https://www.chiisaki.com",35.30795402,139.50107653,"","","","",,,72
"14000","E0000089780","神奈川県","社会福祉法人風祭の森","しゃかいふくしほうじんかざまつりのもり","9021005006071","神奈川県小田原市","風祭５６３","0465-24-6561","0465-21-6506","https://kazamatsurinomori.or.jp","療養介護","太陽の門　重症心身障害児（者）施設","たいようのもんじゅうしょうしんしんしょうがいじしゃしせつ","1412300152","神奈川県小田原市","風祭５６３","0465-24-6561","0465-21-6506","https://kazamatsurinomori.or.jp",35.24892858,139.13142544,"","","","",,,50
"14000","E0000090227","神奈川県","社会福祉法人神奈川県総合リハビリテーション事業団","しゃかいふくしほうじんかながわけんそうごうりはびりてーしょんじぎょうだん","8020005002214","神奈川県厚木市","七沢５１６番地","046-249-2220","046-249-2254","http://www.kanagawa-rehab.or.jp/","療養介護","七沢療育園","ななさわりょういくえん","1412900381","神奈川県厚木市","七沢５１６","046-249-2720","046-249-2739","http://www.n-ryoikuen.kanagawa-rehab.or.jp",35.43823811,139.29674408,"","","","",,,39
"15100","E0000097766","新潟市","独立行政法人国立病院機構西新潟中央病院","どくりつぎょうせいほうじんこくりつびょういんきこうにしにいがたちゅうおうびょういん","1013205001281","新潟県新潟市西区","真砂１丁目１４番１号","025-265-3171","025-231-2831","http://www.masa.go.jp/","療養介護","独立行政法人国立病院機構西新潟中央病院","どくりつぎょうせいほうじんこくりつびょういんきこうにしにいがたちゅうおうびょういん","1510100926","新潟県新潟市西区","真砂1丁目14番1号","025-265-3171","025-267-4315","http://www.masa.go.jp/",37.89050684,138.98526452,"","","","",,,35
"15100","E0000097905","新潟市","独立行政法人国立病院機構西新潟中央病院","どくりつぎょうせいほうじんこくりつびょういんきこうにしにいがたちゅうおうびょういん","1013205001281","新潟県新潟市西区","真砂１丁目１４番１号","025-265-3171","025-231-2831","http://www.masa.go.jp/","療養介護","独立行政法人国立病院機構西新潟中央病院","どくりつぎょうせいほうじんこくりつびょういんきこうにしにいがたちゅうおうびょういんどくりつぎょうせい","1510101734","新潟県新潟市西区","真砂1丁目14番1号","025-265-3171","025-231-2831","http://www.masa.go.jp/",37.89050684,138.98526452,"","","","",,,120
"15000","E0000096057","新潟県","社会福祉法人　長岡福祉協会","しゃかいふくしほうじんながおかふくしきょうかい","9110005011262","新潟県長岡市","深沢町字高寺２２７８番地８法人本部","0258-46-6053","0258-46-6402","http://www.nagaokafukusi.com","療養介護","長岡療育園","ながおかりょういくえん","1510200809","新潟県長岡市","深沢町字高寺2278-8","0258-46-6611","0258-47-3535","https://www.nagaryo.or.jp/",37.41144830,138.77802810,"","","","",,,140
"15000","E0000096285","新潟県","独立行政法人　国立病院機構　新潟病院","どくりつぎょうせいほうじんこくりつびょういんきこうにいがたびょういん","1013205001281","新潟県柏崎市","赤坂町３番５２号赤坂町3番52号","0257-22-2126","0257-24-9812","http://www.niigata-nh.go.jp","療養介護","独立行政法人　国立病院機構　新潟病院","どくりつぎょうせいほうじんこくりつびょういんきこうにいがたびょういん","1510500018","新潟県柏崎市","赤坂町３番５２号赤坂町３番５２号","0257-22-2126","0257-24-9812","http://www.niigata-nh.go.jp",37.35885312,138.53715051,"","","","",,,100
"15000","E0000096317","新潟県","独立行政法人　国立病院機構　新潟病院","どくりつぎょうせいほうじんこくりつびょういんきこうにいがたびょういん","1013205001281","新潟県柏崎市","赤坂町３番５２号赤坂町3番52号","0257-22-2126","0257-24-9812","http://www.niigata-nh.go.jp","療養介護","独立行政法人　国立病院機構　新潟病院","どくりつぎょうせいほうじんこくりつびょういんきこうにいがたびょういん","1510500224","新潟県柏崎市","赤坂町３番５２号赤坂町３番５２号","0257-22-2126","0257-24-9812","http://www.niigata-nh.go.jp",37.35885312,138.53715051,"","","","",,,92
"15000","E0000096187","新潟県","独立行政法人国立病院機構　さいがた医療センター","どくりつぎょうせいほうじんこくりつびょういんきこうさいがたいりょうせんたー","1013205001281","新潟県上越市","大潟区犀潟４６８番地１","025-534-3131","025-534-4824","https://saigata.hosp.go.jp/","療養介護","独立行政法人　国立病院機構　さいがた医療センター","どくりつぎょうせいほうじんこくりつびょういんきこうさいがたいりょうせんたー","1510300526","新潟県上越市","大潟区犀潟４６８番地１","025-534-3131","025-534-4824","https://saigata.hosp.go.jp/",37.21080287,138.30890759,"","","","",,,80
"16201","A0000015168","富山市","富山県","とやまけん",,"富山県富山市","新総曲輪1番7号","076-444-3211",,,"療養介護","指定療養介護事業所　富山県リハビリテーション病院・こども支援センター","していりょうようかいごじぎょうしょとやまけんりはびりてーしょんびょういんこどもしえんせんたー","1610102244","富山県富山市","下飯野36番地","076-438-2233","076-437-5390",,36.74301077,137.26705904,"","","","",,,30
"16201","E0000098361","富山市","社会福祉法人秀愛会","しゃかいふくしほうじんしゅうあいかい","9230005002464","富山県富山市","稲代1023番地","076-467-4477","076-467-4478","http://www.ayumi-toyama.jp/","療養介護","あゆみの郷","あゆみのさと","1610100529","富山県富山市","稲代1023","076-467-4477","076-467-4478","https://ayumi.syuaikai.com/",36.56985523,137.19846219,"","","","",,,57
"16201","E0000098551","富山市","独立行政法人国立病院機構富山病院","どくりつぎょうせいほうじんこくりつびょういんきこうとやまびょういん","1013205001281","富山県富山市","婦中町新町3145番地","076-469-2135","076-469-5616","https://toyama.hosp.go.jp/","療養介護","独立行政法人国立病院機構富山病院","どくりつぎょうせいほうじんこくりつびょういんきこうとやまびょういん","1618000010","富山県富山市","婦中町新町3145番地","076-469-2135","076-469-5616","https://toyama.hosp.go.jp/",36.65397750,137.11876580,"","","","",,,170
"16000","E0000025114","富山県","独立行政法人国立病院機構北陸病院","どくりつぎょうせいほうじんこくりつびょういんきこうほくりくびょういん","1013205001281","富山県南砺市","信末5963","0763-62-1340","0763-62-3460","https://hokuriku.hosp.go.jp/","療養介護","独立行政法人国立病院機構北陸病院","どくりつぎょうせいほうじんこくりつびょういんきこうほくりくびょういん","1612000206","富山県南砺市","信末5963","0763-62-1340","0763-62-3460","https://hokuriku.hosp.go.jp/",36.53675250,136.90505030,"","","","",,,50
"17000","E0000025704","石川県","社会福祉法人　石川整肢学園","しゃかいふくしほうじんいしかわせいしがくえん","5220005001990","石川県金沢市","平和町１丁目２番28号","076-242-2012","076-242-0153","http://www.seishi.isg.or.jp/","療養介護","小松療育園","こまつりょういくえん","1710300144","石川県小松市","瀬領町丁１番地2","0761-46-1306","0761-46-1307","http://www.komatsu.isg.or.jp/index.html",36.33138096,136.48525013,"","","","",,,50
"17201","E0000025398","金沢市","社会福祉法人　石川整肢学園","しゃかいふくしほうじんいしかわせいしがくえん","5220005001990","石川県金沢市","平和町１丁目２番28号","076-242-2378","076-242-2570","http://www.seishi.isg.or.jp/","療養介護","石川整肢学園","いしかわせいしがくえん","1710100494","石川県金沢市","吉原町ロ６番地2","076-257-3311","076-257-3394","http://www.seishi.isg.or.jp",36.61319130,136.69488610,"","","","",,,60
"17201","E0000025382","金沢市","社会福祉法人　松原愛育会","しゃかいふくしほうじんまつばらあいいくかい","6220005002071","石川県金沢市","上中町イ６７番２","076-229-3800","076-229-3800","http://m-aiiku.jp/","療養介護","石川療育センター","いしかわりょういくせんたー","1710100429","石川県金沢市","上中町イ６７番２","076-229-3033","076-229-3043","http://m-aiiku.jp/center",36.51983614,136.70301030,"","","","",,,60
"17201","E0000025444","金沢市","独立行政法人国立病院機構　医王病院","どくりつぎょうせいほうじんこくりつびょういんきこういおうびょういん",,"石川県金沢市","岩出町ニ７３−１","076-258-1180","076-258-6719","https://iou.hosp.go.jp/","療養介護","独立行政法人　国立病院機構医王病院","どくりつぎょうせいほうじんこくりつびょういんきこういおうびょういん","1710100718","石川県金沢市","岩出町ニ７３−１","076-258-1180","076-258-6719","https://iou.hosp.go.jp/",36.61077240,136.70206610,"","","","",,,60
"17201","E0000025533","金沢市","独立行政法人国立病院機構　医王病院","どくりつぎょうせいほうじんこくりつびょういんきこういおうびょういん",,"石川県金沢市","岩出町ニ７３−１","076-258-1180","076-258-6719","https://iou.hosp.go.jp/","療養介護","独立行政法人国立病院機構　医王病院","どくりつぎょうせいほうじんこくりつびょういんきこういおうびょういん","1710103548","石川県金沢市","岩出町ニ７３−１","076-258-1180","076-258-6719","https://iou.hosp.go.jp/",36.61077240,136.70206610,"","","","",,,100
"17000","E0000025640","石川県","独立行政法人国立病院機構七尾病院","どくりつぎょうせいほうじんこくりつびょういんきこうななおびょういん","1013205001281","石川県七尾市","松百町八部３−１石川県七尾市松百町八部3-1","0767-53-1890","0767-53-5771","https://nanao.hosp.go.jp/","療養介護","独立行政法人国立病院機構七尾病院","どくりつぎょうせいほうじんこくりつびょういんきこうななおびょういん","1710200021","石川県七尾市","松百町八部３−１石川県七尾市松百町八部3—1","0767-53-1890","0767-53-5771","https://nanao.hosp.go.jp/",37.04310160,136.96751740,"","","","",,,50
"17000","E0000025769","石川県","独立行政法人国立病院機構石川病院","どくりつぎょうせいほうじんこくりつびょういんきこういしかわびょういん","1013205001281","石川県加賀市","手塚町サ１５０番地","0761-74-0700","0761-74-7642","https://ishikawa.hosp.go.jp/","療養介護","独立行政法人国立病院機構石川病院","どくりつぎょうせいほうじんこくりつびょういんきこういしかわびょういん","1710600055","石川県加賀市","手塚町サ１５０","0761-74-0700","0761-74-7642","http://www.hosp.go.jp/~isikawa/",36.35714600,136.35894340,"","","","",,,50
"17000","E0000025815","石川県","独立行政法人国立病院機構石川病院","どくりつぎょうせいほうじんこくりつびょういんきこういしかわびょういん","1013205001281","石川県加賀市","手塚町サ１５０番地","0761-74-0700","0761-74-7642","https://ishikawa.hosp.go.jp/","療養介護","独立行政法人国立病院機構石川病院コスモス","どくりつぎょうせいほうじんこくりつびょういんきこういしかわびょういんこすもす","1710600519","石川県加賀市","手塚町サ１５０番地","0761-74-0700","0761-74-7642","http://www.hosp.go.jp/~isikawa/",36.35794040,136.35765190,"","","","",,,20
"18000","E0000098883","福井県","独立行政法人国立病院機構　敦賀医療センター","どくりつぎょうせいほうじんこくりつびょういんきこうつるがいりょうせんたー","1013205001281","福井県敦賀市","桜ケ丘町３３−１","0770-25-1600","0770-25-7409","https://tsuruga.hosp.go.jp/","療養介護","独立行政法人国立病院機構敦賀医療センター","どくりつぎょうせいほうじんこくりつびょういんきこうつるがいりょうせんたー","1810200046","福井県敦賀市","桜ケ丘町３３−１","0770-25-1600","0770-25-7409","http://tsuruga.hosp.go.jp/",35.62252730,136.03497410,"","","","","","",
"18000","E0000099080","福井県","独立行政法人国立病院機構あわら病院","どくりつぎょうせいほうじんこくりつびょういんきこうあわらびょういん","1013205001281","福井県あわら市","北潟２３８号１番地","0776-79-1211","0776-79-1249","https://awara.hosp.go.jp/","療養介護","独立行政法人国立病院機構あわら病院","どくりつぎょうせいほうじんこくりつびょういんきこうあわらびょういん","1810700029","福井県あわら市","北潟２３８号１番","0776-79-1211","0776-79-1249",,36.25566690,136.21182790,"","","","","","",
"19000","E0000100061","山梨県","山梨県","やまなしけん","8000020190004","山梨県甲府市","丸の内１−６−１福祉保健部　障害福祉課","055-237-1111","","http://www.pref.yamanashi.jp/","療養介護","あけぼの医療福祉センター","あけぼのいりょうふくしせんたー","1910900032","山梨県韮崎市","旭町上条南割３２５１−１","0551-22-6111","0551-22-7890","http://www.pref.yamanashi.jp/akbn-iryo/index.html",35.66946836,138.44739422,"","","","",,,80
"19201","E0000099837","甲府市","独立行政法人国立病院機構　甲府病院","どくりつぎょうせいほうじんこくりつびょういんきこうこうふびょういん","1013205001281","山梨県甲府市","天神町11-35","055-253-6131","055-251-5597","https://kofu.hosp.go.jp/","療養介護","独立行政法人国立病院機構　甲府病院","どくりつぎょうせいほうじんこくりつびょういんきこうこうふびょういん","1910100385","山梨県甲府市","天神町１１−３５","055-253-6131","055-251-5597","https://kofu.hosp.go.jp/",35.67720505,138.56748130,"","","","",,,126
"20000","E0000027018","長野県","長野県厚生農業協同組合連合会","ながのけんこうせいのうぎょうきょうどうくみあいれんごうかい","4100005001211","長野県長野市","北石堂町１１７７−３JA長野県ビル内","026-236-2305","026-236-2307","http://www.nagano-kouseiren.jp/","療養介護","三才山病院　指定療養介護事業所　かりん","みさやまびょういんしていりょうようかいごじぎょうしょかりん","2010300123","長野県上田市","鹿教湯温泉１７７７","0268-44-2321","0268-45-3709","https://km-rehacenter.jp/hosp/02.html",36.29455480,138.09068690,"","","","",,,80
"20201","E0000100945","長野市","独立行政法人国立病院機構東長野病院","どくりつぎょうせいほうじんこくりつびょういんきこうひがしながのびょういん","1013205001281","長野県長野市","上野２−４７７なし","026-296-1111","026-296-1189","http://enagano-hosp.jp/","療養介護","独立行政法人国立病院機構東長野病院","どくりつぎょうせいほうじんこくりつびょういんきこうひがしながのびょういん","2010100846","長野県長野市","上野２−４７７なし","026-296-1111","026-296-1189","http://enagano-hosp.jp/",36.68699425,138.23847929,"","","","",,,120
"20000","E0000027347","長野県","独立行政法人国立病院機構小諸高原病院","どくりつぎょうせいほうじんこくりつびょういんきこうこもろこうげんびょういん","1013205001281","長野県小諸市","384-8540 長野県小諸市甲４５９８独立行政法人国立病院機構小諸高原病院","0267-22-0870","0267-23-7034","http://www.komoro-hp.jp/","療養介護","独立行政法人国立病院機構小諸高原病院","どくりつぎょうせいほうじんこくりつびょういんきこうこもろこうげんびょういん","2010800049","長野県小諸市","甲４５９８","0267-22-0870","0267-23-7034",,36.34559260,138.45004460,"","","","",,,60
"20000","E0000027656","長野県","社会福祉法人信濃整肢療護園","しゃかいふくしほうじんしなのせいしりょうごえん","1100005002798","長野県千曲市","大字野高場1835-9","026-272-1435","026-273-5119","http://www.timelyhit.ne.jp/inasenta/","療養介護","稲荷山医療福祉センター","いなりやまいりょうふくしせんたー","2011800055","長野県千曲市","大字野高場１８３５の９","026-272-1435","026-273-5119","http://www.timelyhit.ne.jp/inasenta/",36.53843170,138.10863930,"","","","",,,45
"20000","E0000027801","長野県","社会福祉法人信濃医療福祉センター","しゃかいふくしほうじんしなのいいりょうふくしせんたー","7100005008501","長野県諏訪郡下諏訪町","社字花田6525-1","0266-27-8414","0266-27-7936","http://www.shinano-iryo.jp/","療養介護","信濃医療福祉センター","しなのいりょうふくしせんたー","2012300063","長野県諏訪郡下諏訪町","社字花田６５２５−１","0266-27-8414","0266-27-7936","http://www.shinano-iryo.jp",36.06948640,138.08013640,"","","","","","",
"21201","E0000101314","岐阜市","独立行政法人国立病院機構長良医療センター","どくりつぎょうせいほうじんこくりつびょういんきこうながらいりょうせんたー","1013205001281","岐阜県岐阜市","長良１３００−７","058-232-7755","058-295-0077","https://nagara.hosp.go.jp","療養介護","独立行政法人国立病院機構長良医療センター","どくりつぎょうせいほうじんこくりつびょういんきこうながらいりょうせんたー","2110100498","岐阜県岐阜市","長良１３００−７","058-232-7755","058-295-0077","http://nagara.hosp.go.jp/",35.45173297,136.78809930,"","","","",,,180
"22100","E0000101610","静岡市","独立行政法人国立病院機構静岡てんかん・神経医療センター","どくりつぎょうせいほうじんこくりつびょういんきこうしずおかてんかんしんけいいりょうせんたー","1013205001281","静岡県静岡市葵区","漆山８８６　","054-245-5446","054-247-9781","http://www.shizuokamind.hosp.go.jp/","療養介護","独立行政法人国立病院機構静岡てんかん・神経医療センター","どくりつぎょうせいほうじんこくりつびょういんきこうしずおかてんかんしんけいいりょうせんたー","2214200095","静岡県静岡市葵区","漆山８８６　","054-245-5446","054-247-9781","http://www.shizuokamind.hosp.go.jp/",35.01899320,138.39773240,"","","","",,,160
"22000","E0000031607","静岡県","社会福祉法人恩賜財団済生会支部静岡県済生会","しゃかいふくしほうじんおんしざいだんさいせいかいしぶしずおかけんさいせいかい","3010405001696","静岡県静岡市駿河区","小鹿一丁目１番１号","054-285-6171","054-285-5179","http://www.siz-saiseikai.jp/","療養介護","伊豆医療福祉センター","いずいりょうふくしせんたー","2210800021","静岡県伊豆の国市","寺家２０２","055-949-1165","0559-49-5303","http://www.izuiryo.jp/",35.04846390,138.94326700,"","","","",,,38
"22100","E0000101756","静岡市","社会福祉法人恩賜財団済生会支部静岡県済生会","しゃかいふくしほうじんおんしざいだんさいせいかいしぶしずおかけんさいせいかい","3010405001696","静岡県静岡市駿河区","小鹿一丁目１番１号静岡済生会総合病院北館5階","054-280-5026","054-280-5139","http://www.siz-saiseikai.jp/","療養介護","静岡済生会療育センター令和","しずおかさいせいかいりょういくせんたーれいわ","2214230191","静岡県静岡市駿河区","曲金５丁目３番３０号","054-285-0753","054-287-7982","https://shizuoka-saiseikai.jp/department/center/reiwa/",34.97631497,138.41221754,"","","","",,,60
"22100","E0000101615","静岡市","社会福祉法人小羊学園","しゃかいふくしほうじんこひつじがくえん","6080405003361","静岡県浜松市中央区","三方原町２７０９−１２なし","053-584-3337","053-585-8488","http://www.kohitsuji.or.jp/","療養介護","つばさ静岡","つばさしずおか","2214200111","静岡県静岡市葵区","城北１１７無し","054-249-2830","054-249-2831","http://www.tsubasa-szok.net",35.00210024,138.39592663,"","","","",,,60
"22130","E0000032456","浜松市","社会福祉法人聖隷福祉事業団","しゃかいふくしほうじんせいれいふくしじぎょうだん","8080405000142","静岡県浜松市中央区","元城町２１８−２６聖隷ビル","053-413-3300","053-413-3314","http://www.seirei.or.jp/hq/","療養介護","聖隷おおぞら療育センター","せいれいおおぞらりょういくせんたー","2217200415","静岡県浜松市中央区","三方原町３４５３","053-437-1467","053-437-8714","http://www.seirei.or.jp/mikatahara/oozora/",34.79198460,137.69289230,"","","","","","",
"22130","E0000032432","浜松市","独立行政法人国立病院機構天竜病院","どくりつぎょうせいほうじんこくりつびょういんきこうてんりゅうびょういん","1013205001281","静岡県浜松市浜名区","於呂４２０１−２","053-583-3111","053-583-3664","https://tenryu.hosp.go.jp/index.html","療養介護","独立行政法人国立病院機構天竜病院","どくりつぎょうせいほうじんこくりつびょういんきこうてんりゅうびょういん","2217200233","静岡県浜松市浜名区","於呂４２０１−２","058-583-3111","053-583-3664","",34.85313957,137.79908049,"","","","","","",
"22000","E0000031908","静岡県","独立行政法人国立病院機構静岡医療センター","どくりつぎょうせいほうじんこくりつびょういんきこうしずおかいりょうせんたー",,"静岡県駿東郡清水町","長沢７６２−１独立行政法人国立病院機構静岡医療センター","055-975-2000","055-975-2725","https://shizuoka-mc.hosp.go.jp/","療養介護","独立行政法人国立病院機構静岡医療センター","どくりつぎょうせいほうじんこくりつびょういんきこうしずおかいりょうせんたー","2212100107","静岡県駿東郡清水町","長沢７６２−１独立行政法人国立病院機構静岡医療センター","055-975-2000","055-975-2725","http://www.hosp.go.jp/~tsh/",35.10012019,138.88972361,"","","","",,,58
"23100","E0000159379","名古屋市","社会福祉法人恩賜財団済生会支部愛知県済生会","しゃかいふくしほうじんおんしざいだんさいせいかいしぶあいちけんさいせいかい","3010405001696","愛知県名古屋市西区","栄生一丁目1番18号愛知県済生会リハビリテーション病院","052-571-5251","052-551-0057",,"療養介護","愛知県青い鳥医療療育センター","あいちけんあおいとりいりょうりょういくせんたー","2310200700","愛知県名古屋市西区","中小田井５−８９愛知県青い鳥医療療育センター","052-501-4079","052-501-4085","http://aoitori-center.com",35.21563767,136.87499980,"","","","",,,170
"23202","E0000034058","岡崎市","社会福祉法人恩賜財団済生会支部愛知県済生会","しゃかいふくしほうじんおんしざいだんさいせいかいしぶあいちけんさいせいかい","3010405001696","愛知県名古屋市西区","栄生一丁目１番18号","052-571-5251","052-551-0057",,"療養介護","愛知県三河青い鳥医療療育センター","あいちけんみかわあおいとりいりょうりょういくせんたー","2313101202","愛知県岡崎市","高隆寺町小屋場９番地３","0564-64-7980","0564-64-7981","https://www.mikawa-aoitori.jp/",34.95333013,137.22192953,"","","","",,,140
"23000","E0000156746","愛知県","愛知県","あいちけん","1000020230006","愛知県名古屋市中区","三の丸三丁目１番２号","052-961-2111",,"https://www.pref.aichi.jp/","療養介護","愛知県医療療育総合センター中央病院","あいちけんいりょうりょういくそうごうせんたーちゅうおうびょういん","2317500268","愛知県春日井市","神屋町713−８","0568-88-0811","0568-88-0839","https://www.pref.aichi.jp/addc/",35.30350480,137.03819800,"","","","",,,120
"23100","E0000160742","名古屋市","名古屋市","なごやし","3000020231002","愛知県名古屋市中区","三の丸三丁目１番１号","052-961-1111","","http://www.city.nagoya.jp/","療養介護","名古屋市重症心身障害児者施設","なごやしじゅうしょうしんしんしょうがいじしゃしせつ","2317301063","愛知県名古屋市北区","平手町1丁目1番地の5","052-916-0333","052-916-0338","http://twinkle-nagoya.com",35.20205720,136.90140940,"","","","",,,90
"23100","E0000161144","名古屋市","独立行政法人国立病院機構東名古屋病院","どくりつぎょうせいほうじんこくりつびょういんきこうひがしなごやびょういん","1013205001281","愛知県名古屋市名東区","梅森五丁目１０１番地","052-801-1151","052-801-1160","http://www.toumei-nho.jp/","療養介護","独立行政法人国立病院機構東名古屋病院","どくりつぎょうせいほうじんこくりつびょういんきこうひがしなごやびょういん","2318000649","愛知県名古屋市名東区","梅森坂五丁目１０１番地","052-801-1151","052-801-1160","http://www.toumei-nho/jp/",35.14019460,137.01741960,"","","","",,,40
"23201","E0000102289","豊橋市","独立行政法人国立病院機構豊橋医療センター","どくりつぎょうせいほうじんこくりつびょういんきこうとよはしいりょうせんたー","1013205001281","愛知県豊橋市","飯村町字浜道上５０","0532-62-0301","0532-62-3352","https://toyohashi.hosp.go.jp/","療養介護","独立行政法人国立病院機構豊橋医療センター","どくりつぎょうせいほうじんこくりつびょういんきこうとよはしいりょうせんたー","2315100855","愛知県豊橋市","飯村町浜道上５０","0532-62-0301","0532-62-3352",,34.74578140,137.43519620,"","","","",,,40
"23203","E0000155765","一宮市","社会福祉法人杏嶺会","しゃかいふくしほうじんきょうりょうかい","5180005015921","愛知県一宮市","冨田字流筋1679番地2","0586-62-0002","0586-62-2277","http://www.anzu.or.jp/shafuku/","療養介護","一宮医療療育センター","いちのみやいりょうりょういくせんたー","2312101427","愛知県一宮市","冨田字流筋1679番地2","0586-62-0002","0586-62-2277","http://www.anzu.or.jp/shafuku/",35.29432390,136.73890930,"","","","",,,117
"23000","E0000156463","愛知県","社会福祉法人明世会","しゃかいふくしほうじんめいせいかい","8180305004010","愛知県豊川市","三蔵子町北浦４番地","0533-80-2006","0533-80-2008","http://www.shinaikai1936med.or.jp","療養介護","信愛医療療育センター","しんあいいりょうりょういくせんたー","2315200796","愛知県豊川市","小坂井町大塚３８番地１","0533-95-0980","0533-72-3050","http://www.shinaikai1936med.or.jp",34.79601950,137.35910920,"","","","",,,60
"23000","A0000086630","愛知県","社会福祉法人大同宏緑会","しゃかいふくしほうじんだいどうこうりょくかい","5180005019385","愛知県東海市","名和町長生９番１０","052-603-1070","052-603-1071","https://nijiironoie.or.jp/","療養介護","重症心身障害児者施設　にじいろのいえ","じゅうしょうしんしんしょうがいじしゃしせつにじいろのいえ","2318700388","愛知県東海市","名和町長生９番１０","052-603-1070","052-603-1071","https://nijiironoie.or.jp/",35.05306964,136.92485393,"","","","",,,34
"24000","E0000034891","三重県","独立行政法人国立病院機構三重病院","どくりつぎょうせいほうじんこくりつびょういんきこうみえびょういん","1013205001281","三重県津市","大里窪田町３５７","059-232-2531","059-232-5994","https://mie.hosp.go.jp/","療養介護","独立行政法人国立病院機構三重病院","どくりつぎょうせいほうじんこくりつびょういんきこうみえびょういん","2410500603","三重県津市","大里窪田町３５７","059-232-2531","059-232-5994","https://mie.hosp.go.jp/",34.77198072,136.48124526,"","","","",,,60
"24000","E0000035622","三重県","社会福祉法人恩賜財団済生会支部三重県済生会","しゃかいふくしほうじんおんしざいだんさいせいかいしぶみえけんさいせいかい","3010405001696","三重県松阪市","朝日町１区１５−６","0598-51-2626","0598-51-6557","http://www.meiwa-saiseikai.jp","療養介護","済生会明和病院なでしこ障害福祉サービス事業所","さいせいかいめいわびょういんなでしこしょうがいふくしさーびすじぎょうしょ","2412710010","三重県多気郡明和町","上野４３５","0596-53-0010","0596-53-0010","http://www.meiwa-saiseikai.jp",34.53131973,136.63018178,"","","","",,,38
"24000","E0000034703","三重県","独立行政法人国立病院機構鈴鹿病院","どくりつぎょうせいほうじんこくりつびょういんきこうすずかびょういん","1013205001281","三重県鈴鹿市","加佐登３丁目２−１","059-378-1321","059-378-7083","http://www.hosp.go.jp/~suzukaww/","療養介護","独立行政法人国立病院機構鈴鹿病院","どくりつぎょうせいほうじんこくりつびょういんきこうすずかびょういん","2410300194","三重県鈴鹿市","加佐登３丁目２−１","059-378-1321","059-378-7083","http://www.hosp.go.jp/~suzukaww/",34.89232235,136.52685403,"","","","",,,100
"24000","E0000034752","三重県","独立行政法人国立病院機構鈴鹿病院","どくりつぎょうせいほうじんこくりつびょういんきこうすずかびょういん","1013205001281","三重県鈴鹿市","加佐登３丁目２−１","059-378-1321","059-378-7083","http://www.hosp.go.jp/~suzukaww/","療養介護","独立行政法人国立病院機構鈴鹿病院","どくりつぎょうせいほうじんこくりつびょういんきこうすずかびょういん","2410300780","三重県鈴鹿市","加佐登３丁目２−１","059-378-1321","059-378-7083","http://www.hosp.go.jp/~suzukaww/",34.89232235,136.52685403,"","","","",,,120
"25000","E0000103092","滋賀県","独立行政法人国立病院機構紫香楽病院","どくりつぎょうせいほうじんこくりつびょういんきこうしがらきびょういん","1013205001281","滋賀県甲賀市","信楽町牧997番地","0748-83-0101","0748-83-1262","https://shigaraki.hosp.go.jp/","療養介護","独立行政法人国立病院機構紫香楽病院","どくりつぎょうせいほうじんこくりつびょういんきこうしがらきびょういん","2511400208","滋賀県甲賀市","信楽町牧997番地","0748-83-0101","0748-83-1262","http://nho-shigaraki.jp/",34.91582680,136.08459780,"","","","",,,80
"25000","E0000102868","滋賀県","社会福祉法人　びわこ学園","しゃかいふくしほうじんびわこがくえん","6160005008819","滋賀県野洲市","北桜978番地の2びわこ学園医療福祉センター野洲","077-587-1144","077-587-4211","https://www.biwakogakuen.or.jp/","療養介護","びわこ学園医療福祉センター草津","びわこがくえんいりょうふくしせんたーくさつ","2510600113","滋賀県草津市","笠山八丁目3番113号","077-566-0701","077-566-0308","https://www.biwakogakuen.or.jp/kusatsucenter/",34.97691605,135.96022553,"","","","",,,123
"25000","E0000103029","滋賀県","社会福祉法人　びわこ学園","しゃかいふくしほうじんびわこがくえん","6160005008819","滋賀県野洲市","北桜978番地の2びわこ学園医療福祉センター野洲","077-587-1144","077-587-4211","https://www.biwakogakuen.or.jp/","療養介護","びわこ学園医療福祉センター野洲","びわこがくえんいりょうふくしせんたーやす","2511300044","滋賀県野洲市","北桜978番地の2","077-587-1144","077-587-4211","https://www.biwakogakuen.or.jp/yasucenter/",35.04837490,136.04796464,"","","","",,,143
"26100","E0000105544","京都市","社会福祉法人聖ヨゼフ会","しゃかいふくしほうじんせいよぜふかい","3130005004393","京都府京都市北区","北野東紅梅町６番地１","075-462-7621","075-464-2760","http://www.joseph-kyoto.com","療養介護","麦の穂学園","むぎのほがくえん","2610100212","京都府京都市北区","北野東紅梅町６番地１","075-462-7621","075-464-2760","http://www.joseph-kyoto.com",35.02841730,135.73185995,"","","","",,,95
"26100","E0000106215","京都市","独立行政法人国立病院機構宇多野病院","どくりつぎょうせいほうじんこくりつびょういんきこううたのびょういん","1013205001281","京都府京都市右京区","鳴滝音戸山町８","075-461-5121","075-464-0027","https://utano.hosp.go.jp/","療養介護","独立行政法人国立病院機構宇多野病院","どくりつぎょうせいほうじんこくりつびょういんきこううたのびょういん","2610700169","京都府京都市右京区","鳴滝音戸山町８","075-461-5121","075-464-0027","https://utano.hosp.go.jp/",35.02848062,135.70138170,"","","","",,,40
"26000","E0000104105","京都府","社会福祉法人花ノ木","しゃかいふくしほうじんはなのき","1130005007902","京都府亀岡市","大井町小金岐北浦３７−１","0771-23-0701","0771-22-8348","https://kyoto-hananoki.jp/","療養介護","花ノ木医療福祉センター","はなのきいりょうふくしせんたー","2611600137","京都府亀岡市","大井町小金岐北浦３７−１","0771-23-0701","0771-22-8348","https://kyoto-hananoki.jp/",35.04136128,135.54218167,"","","","",,,150
"26000","E0000104390","京都府","独立行政法人国立病院機構南京都病院","どくりつぎょうせいほうじんこくりつびょういんきこうみなみきょうとびょういん","1013205001281","京都府城陽市","中芦原１１番地","0774-52-0065","0774-55-2765",,"療養介護","独立行政法人　国立病院機構　南京都病院","どくりつぎょうせいほうじんこくりつびょういんきこうみなみきょうとびょういん","2612800249","京都府城陽市","中芦原１１","0774-52-0065","0774-55-2765",,34.83236360,135.81352920,"","","","",,,116
"27000","E0000110845","大阪府","社会福祉法人　四天王寺福祉事業団","しゃかいふくしほうじんしてんのうじふくしじぎょうだん","6120005002412","大阪府大阪市天王寺区","四天王寺一丁目１１番１８号","06-6771-7971","06-6771-8961","http://www.shitennoji-fukushi.jp/","療養介護","四天王寺和らぎ苑","してんのうじやわらぎえん","2714900939","大阪府富田林市","向陽台１−３−２１","0721-29-0836","0721-29-3916","http://www.shitennoji-fukushi.jp/yawaragien/index.html",34.50230470,135.58366250,"","","","",,,100
"27100","E0000113696","大阪市","社会福祉法人　愛徳福祉会","しゃかいふくしほうじんあいとくふくしかい","2120005002374","大阪府大阪市東住吉区","山坂五丁目１１番２１号","06-6699-8731","06-6699-8134","http://osaka-drc.jp","療養介護","大阪発達総合療育センターフェニックス","おおさかはったつそうごうりょういくせんたーふぇにっくす","2710801164","大阪府大阪市東住吉区","山坂五丁目１１番２１号　３・４階","06-6699-8731","06-6699-8134","http://osaka-drc.jp",34.61672381,135.51979576,"","","","",,,80
"27100","E0000116679","大阪市","社会福祉法人　恩賜財団済生会支部大阪府済生会","しゃかいふくしほうじんおんしざいだんさいせいかいしぶおおさかふさいせいかい",,"大阪府大阪市中央区","谷町七丁目４番１５号大阪府社会福祉会館3階","06-6763-0257","06-6763-0250","https://www.saiseikai.or.jp/","療養介護","大阪整肢学院","おおさかせいしがくいん","2714100712","大阪府大阪市北区","中津二丁目２番２２号","06-6371-5945","06-6375-9012","http://www.nakatsu.saiseikai.or.jp/seishigakuin/",34.71345959,135.49678450,"","","","",,,100
"27100","E0000114217","大阪市","日本赤十字社大阪府支部","にほんせきじゅうじしゃおおさかふしぶ","6010405002452","大阪府大阪市中央区","大手前二丁目１番７号","06-6775-1900","06-6775-1905","https://www.osaka.jrc.or.jp/","療養介護","大阪赤十字病院附属大手前整肢学園肢体不自由児療養介護","おおさかせきじゅうじびょういんふぞくおおてまえせいしがくえんしたいふじゆうじりょうようかいご","2711700472","大阪府大阪市天王寺区","筆ケ崎町５番３０号","06-6775-1900","06-6775-1905","http://www.osaka-med.jrc.or.jp/seishi/",34.66460500,135.52548050,"","","","",,,8
"27100","E0000114218","大阪市","日本赤十字社大阪府支部","にほんせきじゅうじしゃおおさかふしぶ","6010405002452","大阪府大阪市中央区","大手前二丁目１番７号","06-6775-1900","06-6775-1905","https://www.osaka.jrc.or.jp/","療養介護","大阪赤十字病院附属大手前整肢学園重症心身障害児療養介護","おおさかせきじゅうじびょういんふぞくおおてまえせいしがくえんじゅうしょうしんしんしょうがいじりょうよ","2711700480","大阪府大阪市天王寺区","筆ケ崎町５番３０号","06-6775-1900","06-6775-1905","http://www.osaka-med.jrc.or.jp/seishi/",34.66460204,135.52550266,"","","","",,,
"27210","E0000123161","枚方市","社会福祉法人　枚方療育園","しゃかいふくしほうじんひらかたりょういくえん","9120005012730","大阪府枚方市","津田東町二丁目１番１号なし","072-858-0373","072-859-9521","http://www.hirakataryoiku-med.or.jp/","療養介護","枚方総合発達医療センター","ひらかたそうごうはったついりょうせんたー","2712401740","大阪府枚方市","津田東町二丁目１番１号枚方総合発達医療センター","072-858-0373","072-858-9521","http://www.hirakataryoiku-med.or.jp/",34.81208574,135.71070511,"","","","",,,400
"28000","E0000125069","兵庫県","社会福祉法人枚方療育園","しゃかいふくしほうじんひらかたりょういくえん","9120005012730","大阪府枚方市","津田東町２丁目１番１号","072-858-0373","072-858-9321","http://www.hirakataryoiku-med.or.jp","療養介護","医療福祉センターさくら","いりょうふくしせんたーさくら","2811200316","兵庫県三田市","東本庄1188","079-568-4103","079-568-4104","http://www.hirakataryoiku-med.or.jp/sanda/sakura/",34.95559247,135.16574082,"","","","",,,300
"27000","A0000009739","大阪府","社会福祉法人　大阪府障害者福祉事業団","しゃかいふくしほうじんおおさかふしょうがいしゃふくしじぎょうだん","3120105004880","大阪府富田林市","大字甘南備２１６番地","0721-34-2180","0721-34-2121","https://www.sfj-osaka.net/","療養介護","すくよか","すくよか","2714900913","大阪府富田林市","大字甘南備216番地","0721-34-2201","0721-34-2205","https://www.sfj-osaka.net/06sukuyoka/",34.45372099,135.59669186,"","","","",,,105
"28100","A0000095451","神戸市","社会福祉法人　芳友","しゃかいふくしほうじんほうゆう","9140005003612","兵庫県神戸市北区","しあわせの村1番9号","078-743-2525","078-743-2050","http://www.nikonikohouse.or.jp/","療養介護","神戸医療福祉センターひだまり","こうべいりょうふくしせんたーひだまり","2815102088","兵庫県神戸市中央区","日暮通５丁目５番８号","078-862-1939","078-862-1953","https://www.kobehidamari.jp/",34.69839556,135.20325731,"","","","",,,
"28100","E0000129190","神戸市","社会福祉法人　芳友","しゃかいふくしほうじんほうゆう","9140005003612","兵庫県神戸市北区","しあわせの村1番9号","078-743-2525","078-743-2050","http://www.nikonikohouse.or.jp/","療養介護","にこにこハウス医療福祉センター","にこにこはうすいりょうふくしせんたー","2815000845","兵庫県神戸市北区","しあわせの村1-9","078-743-2525","078-743-2050","http://www.nikonikohouse.or.jp",34.70560746,135.11084829,"","","","",,,85
"28201","E0000130758","姫路市","社会医療法人財団聖フランシスコ会","しゃかいいりょうほうじんざいだんせいふらんしすこかい","4140005013376","兵庫県姫路市","仁豊野650番地","079-265-5111","079-265-5001","http://www.himemaria.or.jp/maria/","療養介護","姫路聖マリア病院","ひめじせいまりあびょういん","2814002651","兵庫県姫路市","仁豊野650番地","079-265-5111","079-265-5001","http://www.himemaria.or.jp/maria/",34.87770640,134.73223740,"","","","",,,80
"28204","E0000037856","西宮市","社会福祉法人甲山福祉センター","しゃかいふくしほうじんかぶとやまふくしせんたー","9140005015830","兵庫県西宮市","甲山町５３番地社会福祉法人甲山福祉センター甲寿園内","0798-71-9219","0798-71-9001","https://kabuto294.jp/","療養介護","西宮すなご医療福祉センター","にしのみやすなごいりょうふくしせんたー","2810901682","兵庫県西宮市","武庫川町２番９号","0798-47-4477","0798-43-1022","https://sunago.or.jp/",34.71872594,135.38054804,"","","","",,,182
"28000","E0000125336","兵庫県","独立行政法人国立病院機構兵庫あおの病院","どくりつぎょうせいほうじんこくりつびょういんきこうひょうごあおのびょういん","1013205001281","兵庫県小野市","市場町926番地の453","0794-62-5533","0794-62-5757",,"療養介護","独立行政法人国立病院機構兵庫あおの病院","どくりつぎょうせいほうじんこくりつびょういんきこうひょうごあおのびょういん","2811900139","兵庫県小野市","市場町９２６番地の４５３","0794-62-5533","0794-62-5757",,34.82941753,134.95191916,"","","","","","",
"28000","A0000011099","兵庫県","独立行政法人国立病院機構兵庫中央病院","どくりつぎょうせいほうじんこくりつびょういんきこうひょうごちゅうおうびょういん","1013205001281","兵庫県三田市","大原1314","079-563-2121","079-564-4626","https://hyogochuo.hosp.go.jp/","療養介護","独立行政法人国立病院機構兵庫中央病院","どくりつぎょうせいほうじんこくりつびょういんきこうひょうごちゅうおうびょういん","2811200050","兵庫県三田市","大原１３１４番地","079-563-2121",,,34.90743051,135.23074772,"","","","",,,60
"28000","E0000125070","兵庫県","独立行政法人国立病院機構兵庫中央病院","どくりつぎょうせいほうじんこくりつびょういんきこうひょうごちゅうおうびょういん","1013205001281","兵庫県三田市","大原1314","079-563-2121","079-564-4626","https://hyogochuo.hosp.go.jp/","療養介護","独立行政法人国立病院機構兵庫中央病院","どくりつぎょうせいほうじんこくりつびょういんきこうひょうごちゅうおうびょういん","2811200324","兵庫県三田市","大原1314","079-563-2121","079-564-4626",,34.90743051,135.23074772,"","","","",,,50
"28000","E0000126391","兵庫県","公立八鹿病院組合","こうりつようかびょういんくみあい","8000020288624","兵庫県養父市","八鹿町八鹿１８７８番地１","079-662-5555","079-662-3134","http://www.hosp.yoka.hyogo.jp","療養介護","公立八鹿病院","こうりつようかびょういん","2814800120","兵庫県養父市","八鹿町八鹿1878番地1","079-662-5555","079-662-3134","http://www.hosp.yoka.hyogo.jp",35.40496502,134.77302592,"","","","",,,20
"28000","E0000125652","兵庫県","社会福祉法人　養徳会","しゃかいふくしほうじんようとくかい","6140005016880","兵庫県多可郡多可町","中区鍛冶屋636-2社会福祉法人養徳会本部","0795-32-2216","0795-32-2720","http://www.youtokukai.or.jp","療養介護","医療福祉センターきずな","いりょうふくしせんたーきずな","2812600126","兵庫県加西市","若井町字猪野83-31","0790-44-2881","0790-44-2929","http://www.youtokukai.or.jp",34.92793590,134.84162450,"","","","",,,80
"28000","E0000125675","兵庫県","社会福祉法人　養徳会","しゃかいふくしほうじんようとくかい","6140005016880","兵庫県多可郡多可町","中区鍛冶屋636-2社会福祉法人養徳会本部","0795-32-2216","0795-32-2720","http://www.youtokukai.or.jp","療養介護","医療福祉センターのぎく","いりょうふくしせんたーのぎく","2812700108","兵庫県多可郡多可町","中区牧野字国木谷183-1医療福祉センターのぎく","0795-32-3246","0795-32-0473","http://www.youtokukai.oR.jp",35.05020960,134.92328060,"","","","",,,60
"29201","E0000038275","奈良市","社会福祉法人東大寺福祉事業団","しゃかいふくしほうじんとうだいじふくしじぎょうだん","3150005000663","奈良県奈良市","雑司町406-1東大寺福祉療育病院","0742-22-5577","0742-23-0198","https://twf.or.jp/","療養介護","東大寺光明園","とうだいじこうみょうえん","2910100516","奈良県奈良市","雑司町406-1東大寺福祉療育病院","0742-22-5577","0742-23-0198","https://twf.or.jp/",34.68692588,135.83924961,"","","","",,,106
"29201","E0000038321","奈良市","社会福祉法人バルツァ事業会","しゃかいふくしほうじんばるつぁじぎょうかい","6150005001072","奈良県奈良市","鹿野園町1000-1","0742-21-7111","0742-21-7112","http://www.valsta.jp/","療養介護","バルツァ・ゴーデル","ばるつぁごーでる","2910100722","奈良県奈良市","鹿野園町1000-1","0742-21-7111","0742-21-7112","http://valsta.jp/gardel/",34.66561790,135.84894390,"","","","",,,
"29201","E0000038234","奈良市","独立行政法人国立病院機構奈良医療センター","どくりつぎょうせいほうじんこくりつびょういんきこうならいりょうせんたー","1013205001281","奈良県奈良市","七条2-789","0742-45-4591","0742-48-3512","https://www.hosp.go.jp/index.html","療養介護","独立行政法人国立病院機構奈良医療センター","どくりつぎょうせいほうじんこくりつびょういんきこうならいりょうせんたー","2910100334","奈良県奈良市","七条2-789","0742-45-4591","0742-48-3512","http://www.nho-nara.jp/index.html",34.66559929,135.77664420,"","","","",,,28
"29201","E0000038488","奈良市","独立行政法人国立病院機構奈良医療センター","どくりつぎょうせいほうじんこくりつびょういんきこうならいりょうせんたー","1013205001281","奈良県奈良市","七条2-789","0742-45-4591","0742-48-3512","https://www.hosp.go.jp/index.html","療養介護","独立行政法人国立病院機構奈良医療センター","どくりつぎょうせいほうじんこくりつびょういんきこうならいりょうせんたー","2910101720","奈良県奈良市","七条2-789","0742-45-4591","0742-48-3512",,34.66559990,135.77664450,"","","","",,,100
"29000","E0000132208","奈良県","独立行政法人国立病院機構やまと精神医療センター","どくりつぎょうせいほうじんこくりつびょういんきこうやまとせいしんいりょうせんたー","1013205001281","奈良県大和郡山市","小泉町2815","0743-52-3081","0743-52-8879","https://yamato.hosp.go.jp","療養介護","独立行政法人国立病院機構やまと精神医療センター","どくりつぎょうせいほうじんこくりつびょういんきこうやまとせいしんいりょうせんたー","2910200118","奈良県大和郡山市","小泉町2815","0743-52-3081","0743-52-8879","https://yamato.hosp.go.jp",34.63072450,135.74961950,"","","","","","",
"30000","E0000134893","和歌山県","社会福祉法人和歌山つくし会","しゃかいふくしほうじんわかやまつくしかい","1170005001281","和歌山県和歌山市","吉礼字八ツ井４８６番地１本部","0736-69-1772","0736-69-5251","http://wa-tukusi.jp/","療養介護","社会福祉法人和歌山つくし会療養介護施設つくし医療・福祉センター","しゃかいふくしほうじんわかやまつくしかいりょうようかいごしせつつくしいりょうふくしせんたー","3011800244","和歌山県岩出市","中迫６６５つくし医療・福祉センター","0736-62-4121","0736-62-8185","http://wa-tukusi.jp/",34.26757082,135.31661123,"","","","",,,136
"30201","E0000039158","和歌山市","社会福祉法人　愛徳園","しゃかいふくしほうじんあいとくえん","8170005001275","和歌山県和歌山市","今福３丁目５−４１","073-425-2391","073-426-1044","http://aitoku.or.jp/","療養介護","療養介護事業所めぐみの園","りょうようかいごじぎょうしょめぐみのその","3010121139","和歌山県和歌山市","今福３丁目５番４１号","073-425-2391","073-426-1044",,34.21150733,135.16334187,"","","","",,,40
"30000","E0000135239","和歌山県","社会福祉法人和歌山県福祉事業団","しゃかいふくしほうじんわかやまけんふくしじぎょうだん","1170005004004","和歌山県西牟婁郡上富田町","岩田2456−1本部","0739-47-6640","0739-47-6645","https://www.wfj.or.jp","療養介護","南紀医療福祉センター","なんきいりょうふくしせんたー","3012410126","和歌山県西牟婁郡上富田町","岩田１７７６−１","0739-45-2175","0739-47-2176","https://www.wfj.or.jp",33.70835340,135.44405090,"","","","",,,60
"31201","E0000039533","鳥取市","独立行政法人　国立病院機構鳥取医療センター","どくりつぎょうせいほうじんこくりつびょういんきこうとっとりいりょうせんたー","1013205001281","鳥取県鳥取市","三津８７６番地鳥取県鳥取市三津８７６番地","0857-59-1111","0857-59-1589","https://tottori.hosp.go.jp/","療養介護","独立行政法人国立病院機構　鳥取医療センター","どくりつぎょうせいほうじんこくりつびょういんきこうとっとりいりょうせんたー","3110100199","鳥取県鳥取市","三津８７６鳥取県鳥取市三津８７６番地","0857-59-1111","0857-59-1589","https://tottori.hosp.go.jp/",35.52168874,134.14932920,"","","","",,,24
"31201","E0000039647","鳥取市","独立行政法人　国立病院機構鳥取医療センター","どくりつぎょうせいほうじんこくりつびょういんきこうとっとりいりょうせんたー","1013205001281","鳥取県鳥取市","三津８７６番地鳥取県鳥取市三津８７６番地","0857-59-1111","0857-59-1589","https://tottori.hosp.go.jp/","療養介護","独立行政法人国立病院機構鳥取医療センター重症心身障害者病棟","どくりつぎょうせいほうじんこくりつびょういんきこうとっとりいりょうせんたーじゅうしょうしんしんしょう","3110101155","鳥取県鳥取市","三津８７６鳥取県鳥取市三津８７６番地","0857-59-1111","0857-59-1589","https://tottori.hosp.go.jp/",35.52168874,134.14932920,"","","","",,,160
"32201","E0000136935","松江市","独立行政法人国立病院機構松江医療センター","どくりつぎょうせいほうじんこくりつびょういんきこうまつえいりょうせんたー",,"島根県松江市","上乃木五丁目８−３１","0852-21-6131","0852-27-1019",,"療養介護","独立行政法人　国立病院機構　松江医療センター","どくりつぎょうせいほうじんこくりつびょういんきこうまつえいりょうせんたー","3210100107","島根県松江市","上乃木五丁目８−３１","0852-21-6131","0852-27-1019",,35.45042255,133.06516560,"","","","","","",
"32201","E0000137098","松江市","独立行政法人国立病院機構松江医療センター","どくりつぎょうせいほうじんこくりつびょういんきこうまつえいりょうせんたー",,"島根県松江市","上乃木五丁目８−３１","0852-21-6131","0852-27-1019",,"療養介護","独立行政法人　国立病院機構　松江医療センター","どくりつぎょうせいほうじんこくりつびょういんきこうまつえいりょうせんたー","3210101105","島根県松江市","上乃木五丁目８−３１","0852-21-6131","0852-27-1019",,35.45029756,133.06485452,"","","","",,,70
"32000","E0000136129","島根県","社会福祉法人島根整肢学園","しゃかいふくしほうじんしまねせいしがくえん","1280005004463","島根県江津市","渡津町１９２６","0855-52-2442","0855-52-0344","http://www.sw-shimasei.or.jp/","療養介護","安養学園","あんようがくえん","3210600114","島根県江津市","渡津町１９２６","0855-52-2442","0855-52-0344","http://www.sw-shimasei.or.jp/",35.02640692,132.23777569,"","","","",,,100
"32201","E0000136996","松江市","社会福祉法人島根整肢学園","しゃかいふくしほうじんしまねせいしがくえん","1280005004463","島根県江津市","渡津町１９２６","0855-52-2442","0855-52-0344","http://www.sw-shimasei.or.jp","療養介護","療養介護事業所　松江療育園","りょうようかいごじぎょうしょまつえりょういくえん","3210100388","島根県松江市","東生馬町１５番地１","0852-36-8011","0852-36-8992","http://www.sw-shimasei.jp/",35.49455539,133.03045359,"","","","",,,90
"33100","E0000040797","岡山市","社会福祉法人旭川荘","しゃかいふくしほうじんあさひがわそう","2260005001800","岡山県岡山市北区","祇園866番地","086-275-0131","086-275-5640","https://www.asahigawasou.or.jp/","療養介護","旭川児童院","あさひがわじどういん","3310103019","岡山県岡山市北区","祇園866番地","086-275-8555","086-275-5353","http://www.jidouin.jp",34.70827353,133.95761688,"","","","",,,369
"33100","E0000040798","岡山市","社会福祉法人旭川荘","しゃかいふくしほうじんあさひがわそう","2260005001800","岡山県岡山市北区","祇園866番地","086-275-0131","086-275-5640","https://www.asahigawasou.or.jp/","療養介護","旭川療育園","あさひがわりょういくえん","3310103035","岡山県岡山市北区","祇園８６６","086-275-8555","086-275-5353","http://www.jidouin.jp",34.70827353,133.95761688,"","","","",,,53
"38000","E0000047707","愛媛県","社会福祉法人　旭川荘","しゃかいふくしほうじんあさひがわそう","2260005001800","岡山県岡山市北区","祇園８６６番地","086-275-0131","086-275-5640","http://www.asahigawasou.or.jp/index.html","療養介護","南愛媛療育センター","みなみえひめりょういくせんたー","3813910035","愛媛県北宇和郡鬼北町","永野市１６０７番地","0895-45-1101","0895-45-3326","http://www.asahigawasou.or.jp/minamiehime/index.html",33.25079980,132.69053090,"","","","",,,80
"34000","A0000001955","広島県","広島県","ひろしまけん",,"広島県広島市中区","基町１０番５２号","0825133158","0822233611","","療養介護","若草療育園","わかくさりょういくえん","3412500591","広島県東広島市","西条町田口２９５−３","0824251455",,,34.39311075,132.72457891,"","","","",,,53
"34000","A0000001956","広島県","広島県","ひろしまけん",,"広島県広島市中区","基町１０番５２号","0825133158","0822233611","","療養介護","わかば療育園","わかばりょういくえん","3412500609","広島県東広島市","八本松町米満１９８−１","082-428-6671","082-428-6670",,34.44759670,132.72079141,"","","","",,,50
"14130","A0000013818","川崎市","三篠会","みささかい","8240005001615","広島県広島市安佐北区","小河原町1281番地-","082-840-3660","082-840-3661","http://www.misasakai.or.jp/","療養介護","重症児・者福祉医療施設ソレイユ川崎","じゅうしょうじしゃふくしいりょうしせつそれいゆかわさき","1415600178","神奈川県川崎市麻生区","細山1203番地-","044-959-3003","044-954-5581","http://www.misasakai.or.jp/shisetsu/soleilkawasaki.php",35.62177946,139.50687054,"","","","",,,100
"27140","E0000121127","堺市","社会福祉法人　三篠会","しゃかいふくしほうじんみささかい","8240005001615","広島県広島市安佐北区","小河原町1281番地","082-840-3660","082-840-3661","http://www.misasakai.or.jp","療養介護","堺市立重症心身障害者（児）支援センター　ベルデさかい","さかいしりつじゅうしょうしんしんしょうがいしゃじしえんせんたーべるでさかい","2716001249","大阪府堺市堺区","旭ケ丘中町四丁3番1号","072-275-8510","072-243-5900",,34.55772148,135.47639294,"","","","",,,50
"34000","E0000043350","広島県","社会福祉法人三篠会","しゃかいふくしほうじんみささかい","8240005001615","広島県広島市安佐北区","白木町小河原1281番地","082-840-3660",,"http://www.misasakai.or.jp/","療養介護","重症児・者福祉医療施設　原","じゅうしょうじしゃふくしいりょうしせつはら","3412700357","広島県廿日市市","原926番地の1","0829-38-3333",,,34.36872999,132.29998552,"","","","",,,53
"34000","A0000014321","広島県","社会福祉法人　ともえ会","しゃかいふくしほうじんともえかい","6240005004611","広島県三次市","粟屋町11664番地","0824-62-1210","0824-63-3862","https://tomoekai-miyoshi.jp/","療養介護","子鹿医療療育センター","こじかいりょうりょういくせんたー","3411901055","広島県三次市","粟屋町11664番地","0824-63-1151","0824-62-1933","https://tomoekai-miyoshi.jp/tomoekaigroup/kojikamrc/",34.80565070,132.85184030,"","","","",,,80
"34000","A0000001906","広島県","独立行政法人国立病院機構広島西医療センター","どくりつぎょうせいほうじんこくりつびょういんきこうひろしまにしいりょうせんたー","1013205001281","広島県大竹市","玖波4丁目1-1","0827-57-7151","0827-57-3681","http://www.hiro-nishi-nh.jp","療養介護","独立行政法人国立病院機構広島西医療センター","どくりつぎょうせいほうじんこくりつびょういんきこうひろしまにしいりょうせんたー","3412300042","広島県大竹市","玖波西四丁目１−１","0827577151","0827573681","http://www.hiro-nishi-nh.jp",34.23794310,132.22234480,"","","","",,,110
"34000","E0000043195","広島県","独立行政法人国立病院機構広島西医療センター","どくりつぎょうせいほうじんこくりつびょういんきこうひろしまにしいりょうせんたー","1013205001281","広島県大竹市","玖波4丁目1-1","0827-57-7151","0827-57-3681","http://www.hiro-nishi-nh.jp","療養介護","独立行政法人国立病院機構広島西医療センター","どくりつぎょうせいほうじんこくりつびょういんきこうひろしまにしいりょうせんたー","3412300059","広島県大竹市","玖波4丁目1-1","0827-57-7151","0827-57-3681","http://www.hiro-nishi-nh.jp",34.25128960,132.22444410,"","","","",,,
"34000","E0000043256","広島県","社会福祉法人広島県福祉事業団","しゃかいふくしほうじんひろしまけんふくしじぎょうだん","6240005003638","広島県東広島市","西条町田口２９５番地３","0824251455","0824251094","http://www.welfare-co-hiroshima.org/","療養介護","若草園","わかくさえん","3412500583","広島県東広島市","西条町田口295-3","082-425-1455",,,34.39276420,132.72435090,"","","","","","",
"34000","E0000043257","広島県","独立行政法人国立病院機構賀茂精神医療センター","どくりつぎょうせいほうじんこくりつびょういんきこうかもせいしんいりょうせんたー","1013205001281","広島県東広島市","黒瀬町南方92番地","0823-82-3000","0823-82-7352","https://kamo.hosp.go.jp/","療養介護","独立行政法人国立病院機構賀茂精神医療センター","どくりつぎょうせいほうじんこくりつびょういんきこうかもせいしんいり","3412500617","広島県東広島市","黒瀬町南方92番地","0823-82-3000","0823-82-7352","https://kamo.hosp.go.jp/",34.34583020,132.69949130,"","","","",,,100
"34202","E0000042483","呉市","社会福祉法人広島県リハビリテーション協会","しゃかいふくしほうじんひろしまけんりはびりてーしょんきょうかい","6240005003613","広島県東広島市","八本松町原5946-7ときわ台ホーム内","082-420-9200","082-420-9202","http://www.tokiwadaihome.or.jp/","療養介護","ときわ呉","ときわくれ","3410500858","広島県呉市","宮原13丁目2-12ときわ呉","0823-32-3777","0823-32-3770","http://www.tokiwadaihome.or.jp/tokiwakure/",34.22099323,132.55173942,"","","","",,,54
"35000","E0000044571","山口県","独立行政法人国立病院機構山口宇部医療センター","どくりつぎょうせいほうじんこくりつびょういんきこうやまぐちうべいりょうせんたー","1013205001281","山口県宇部市","東岐波６８５","0836-58-2300","0836-58-5219","https://yamaguchiube.hosp.go.jp/","療養介護","独立行政法人国立病院機構山口宇部医療センター","どくりつぎょうせいほうじんこくりつびょういんきこうやまぐちうべいりょうせんたー","3510200516","山口県宇部市","東岐波６８５","0836-58-2300","0836-58-5219",,33.97905758,131.34722500,"","","","",,,
"35000","E0000044980","山口県","独立行政法人国立病院機構柳井医療センター","どくりつぎょうせいほうじんこくりつびょういんきこうやないいりょうせんたー","1013205001281","山口県柳井市","伊保庄９５番地","0820-27-0211","0820-27-1003","https://yanai.hosp.go.jp/","療養介護","独立行政法人国立病院機構柳井医療センター","どくりつぎょうせいほうじんこくりつびょういんきこうやないいりょうせんたー","3515200222","山口県柳井市","伊保庄９５番地","0820-27-0211","0820-27-1003","http://yanai-hosp.jp/",33.91110060,132.12896220,"","","","",,,76
"35000","E0000045315","山口県","社会福祉法人鼓ヶ浦整肢学園","しゃかいふくしほうじんつつみがうらせいしがくえん","6250005005146","山口県周南市","大字久米752番地4","0834-29-1430","0834-29-5015","https://tsudumi.jp/","療養介護","鼓ヶ浦ひばり園","つづみがうらひばりえん","3516300476","山口県周南市","大字久米752番地4","0834-29-1430","0834-29-5015","https://tsudumi.jp",34.03785179,131.84893243,"","","","",,,100
"28100","A0000079869","神戸市","社会福祉法人平成記念会","しゃかいふくしほうじんへいせいきねんかい","1480005000005","徳島県徳島市","勝占町松成４６","088-669-2228","088-669-2477",,"療養介護","サポートハウス ココロネ住吉","さぽーとはうすこころねすみよし","2810101408","兵庫県神戸市東灘区","住吉山手７丁目１番１号","078-858-7557","078-277-0289","https://sumiyoshi.cocorone.space/",34.73296201,135.25360507,"","","","",,,100
"36000","E0000138984","徳島県","日本赤十字社徳島県支部","にっぽんせきじゅうじしゃとくしまけんしぶ","6010405002452","徳島県徳島市","庄町３丁目１２−１","088-631-6000","088-631-6100","https://www.tokushima.jrc.or.jp/","療養介護","徳島赤十字ひのみね医療療育センター","とくしませきじゅうじひのみねいりょうりょういくせんたー","3610300174","徳島県小松島市","中田町字新開４−１","0885-32-0903","0885-33-3037","http://www.hinomine-mrc.jp/",34.01586840,134.58285500,"","","","",,,140
"36000","E0000139380","徳島県","独立行政法人国立病院機構徳島病院","どくりつぎょうせいほうじんこくりつびょういんきこうとくしまびょういん","1013205001281","徳島県吉野川市","鴨島町敷地１３５４番地","0883-24-2161","0883-24-8661","https://tokushima.hosp.go.jp/","療養介護","独立行政法人国立病院機構徳島病院","どくりつぎょうせいほうじんこくりつびょういんきこうとくしまびょういん","3611700133","徳島県吉野川市","鴨島町敷地１３５４番地","0883-24-2161","0883-24-8661",,34.05628595,134.33956599,"","","","",,,
"36000","E0000139291","徳島県","独立行政法人国立病院機構　東徳島医療センター","どくりつぎょうせいほうじんこくりつびょういんきこうひがしとくしまいりょうせんたー","1013205001281","徳島県板野郡板野町","大寺字大向北１番地１","088-672-1171","088-672-3809","http://www.etokushima-mc.jp/","療養介護","独立行政法人国立病院機構東徳島医療センター","どくりつぎょうせいほうじんこくりつびょういんきこうひがしとくしまい","3611540364","徳島県板野郡板野町","大寺字大向北１−１","088-672-1171","088-672-3809","http://www.etokushima-mc.jp/",34.13691630,134.46955050,"","","","",,,156
"37201","E0000140101","高松市","社会福祉法人　かがわ総合リハビリテーション事業団","しゃかいふくしほうじんかがわそうごうりはびりてーしょんじぎょうだん","3470005000656","香川県高松市","田村町１１１４","087-867-6008","087-865-3915","http://www.kagawa-reha.net/","療養介護","かがわ総合リハビリテーション療養介護施設","かがわそうごうりはびりてーしょんりょうようかいごしせつ","3712001183","香川県高松市","田村町１１１４","087-867-6008","087-865-3915","http://www.kagawa-reha.net/",34.30694905,134.03080676,"","","","",,,35
"38000","E0000047604","愛媛県","愛媛県","えひめけん","1000020380008","愛媛県松山市","一番町四丁目４番地２","089-941-2111",,"https://www.pref.ehime.jp/index.html","療養介護","愛媛県立子ども療育センター","えひめけんりつこどもりょういくせんたー","3811500275","愛媛県東温市","田窪２１３５番地","089-955-5533","089-955-5546","https://www.pref.ehime.jp/h20123/kodomo-ryoiku/index.html",33.79447880,132.86946310,"","","","",,,40
"38000","E0000047605","愛媛県","愛媛県","えひめけん","1000020380008","愛媛県松山市","一番町四丁目４番地２","089-941-2111",,"https://www.pref.ehime.jp/index.html","療養介護","愛媛県立子ども療育センター","えひめけんりつこどもりょういくせんたー","3811500283","愛媛県東温市","田窪２１３５番地","089-955-5533","089-955-5546","https://www.pref.ehime.jp/h20123/kodomo-ryoiku/index.html",33.79447880,132.86946310,"","","","",,,40
"38000","E0000047603","愛媛県","独立行政法人国立病院機構愛媛医療センター","どくりつぎょうせいほうじんこくりつびょういんきこうえひめいりょうせんたー","1013205001281","愛媛県東温市","横河原３６６番地","089-964-2411","089-964-0251",,"療養介護","独立行政法人国立病院機構愛媛医療センター","どくりつぎょうせいほうじんこくりつびょういんきこうえひめいりょうせんたー","3811500242","愛媛県東温市","横河原３６６番地","089-964-2411","089-964-0251",,33.79849260,132.88160920,"","","","",,,160
"39201","E0000048786","高知市","独立行政法人国立病院機構高知病院","どくりつぎょうせいほうじんこくりつびょういんきこうこうちびょういん",,"高知県高知市","朝倉西町１丁目２番２５号","088-844-3111","088-843-6385","","療養介護","独立行政法人　国立病院機構高知病院","どくりつぎょうせいほうじんこくりつびょういんきこうこうちびょういん","3910150915","高知県高知市","朝倉西町１丁目２番２５号","088-844-3111","088-828-4664",,33.54400380,133.48383450,"","","","",,,
"39000","E0000048914","高知県","社会福祉法人　土佐希望の家","しゃかいふくしほうじんとさきぼうのいえ","4490005004704","高知県南国市","小籠１０７番地","088-863-2131","088-863-2133","http://www.tosakibou.jp/","療養介護","土佐希望の家　医療福祉センター（療養介護）","とさきぼうのいえいりょうふくしせんたーりょうようかいご","3910400286","高知県南国市","小籠１０７番地","088-863-2131","088-863-2133","http://www.tosakibou.jp/",33.58265030,133.63340200,"","","","",,,142
"39000","A0000081774","高知県","社会福祉法人　土佐希望の家","しゃかいふくしほうじんとさきぼうのいえ","4490005004704","高知県南国市","小籠107番地土佐希望の家医療福祉センター","088-863-2131","088-863-2133","http://www.hatakibou.jp/","療養介護","幡多希望の家医療福祉センター（療養介護）","はたきぼうのいえいりょうふくしせんたー","3910800261","高知県宿毛市","平田町中山８６７番地幡多希望の家","0880-66-2212","0880-66-2215","http://www.hatakibou.jp/",32.96102691,132.78168582,"","","","",,,51
"40100","E0000143763","北九州市","医療法人医和基会","いりょうほうじんいわきかい","6290805001035","福岡県北九州市戸畑区","初音町１３番１３号","093-588-1040","093-588-1060","http://www.iwakikai.com/group/makiyamaryoyoin/","療養介護","療養介護事業所　牧山療養院","りょうようかいごじぎょうしょまきやまりょうよういん","4016400410","福岡県北九州市戸畑区","初音町１３番１３号","093-588-1040","093-588-1060","http://www.iwakikai.com/group/makiyamaryoyoin/",33.89263460,130.82007841,"","","","",,,27
"40100","E0000144236","北九州市","社会福祉法人杏和会","しゃかいふくしほうじんきょうわかい","2290805000494","福岡県北九州市小倉南区","大字木下608番地","093-451-6262","093-451-5548","http://yamabiko-g.or.jp/","療養介護","社会福祉法人杏和会　やまびこ学園","しゃかいふくしほうじんきょうわかいやまびこがくえん","4017700529","福岡県北九州市小倉南区","大字木下608番地","093-451-6262","093-451-5548","http://yamabiko-g.or.jp",33.77773500,130.86214780,"","","","",,,100
"40100","E0000144302","北九州市","社会福祉法人　北九州市福祉事業団","しゃかいふくしほうじんきたきゅうしゅうしふくしじぎょうだん","8290805003987","福岡県北九州市八幡東区","中央二丁目１−１","093-682-0001","093-682-0006","http://www.kitafj.or.jp/","療養介護","北九州市立総合療育センター　足立園","きたきゅうしゅうしりつそうごうりょういくせんたーあだちえん","4017701055","福岡県北九州市小倉南区","春ケ丘１０番4号","093-922-5596","093-952-2713","http://kitaq-src.jp/",33.84986570,130.88532138,"","","","",,,99
"40100","A0000004270","北九州市","社会福祉法人　絆の会","しゃかいふくしほうじんきずなのかい","4290805008255","福岡県北九州市八幡西区","真名子二丁目２番１２号なし","093-618-7566","093-618-7766","http://www.kizunanokai.jp/","療養介護","療養介護事業所　ひなた家","りょうようかいごじぎょうしょひなたや","4016701031","福岡県北九州市八幡西区","真名子二丁目２番１２号","093-618-7566","093-618-7766","http://www.kizunanokai.jp/",33.78549280,130.72923120,"","","","",,,42
"40130","A0000027729","福岡市","社会福祉法人　あきの会","しゃかいふくしほうじんあきのかい","9290805001197","福岡県福岡市博多区","千代１丁目15-10","092-651-7325","092-651-2420","http://akinokai.jp/","療養介護","療養介護事業所虹の家","りょうようかいごじぎょうしょにじのいえ","4010101253","福岡県福岡市博多区","千代1-15-10","092-651-7325","092-651-2420","http://akinokai.jp/",33.60100637,130.41625575,"","","","",,,60
"40130","E0000145987","福岡市","独立行政法人国立病院機構福岡病院","どくりつぎょうせいほうじんこくりつびょういんきこうふくおかびょういん","1013205001281","福岡県福岡市南区","屋形原４−３９−１独立行政法人国立病院機構福岡病院","092-565-5534","092-566-0702","https://fukuoka.hosp.go.jp/","療養介護","独立行政法人国立病院機構福岡病院","どくりつぎょうせいほうじんこくりつびょういんきこうふくおかびょういん","4011200039","福岡県福岡市南区","屋形原４−３９−１独立行政法人国立病院機構福岡病院","092-565-5534","092-566-0702","http://www.fukuoka-nh.jp/",33.53311330,130.40864132,"","","","",,,130
"40203","E0000146953","久留米市","社会福祉法人　ゆうかり学園","しゃかいふくしほうじんゆうかりがくえん","3290005010657","福岡県久留米市","田主丸町中尾１２７４番地１","09437-3-0152","09437-3-0524","http://www.yuukari.or.jp","療養介護","ゆうかり医療療育センター","ゆうかりいりょうりょういくせんたー","4012701209","福岡県久留米市","田主丸町中尾１２７４番地１","0943-73-0152","0943-73-0524","http://www.yuukari.or.jp",33.33757550,130.64637600,"","","","",,,150
"40000","E0000141361","福岡県","社会福祉法人　高邦福祉会","しゃかいふくしほうじんこうほうふくしかい",,"福岡県柳川市","三橋町棚町218番地1柳川療育センター","0944-73-0039","0944-73-0059","http://yrc.kouhoukai.org			","療養介護","柳川療育センター","やながわりょういくせんたー","4014300265","福岡県柳川市","三橋町棚町２１８番地１","0944-73-0039","0944-73-0059","http://yrc.kouhoukai.org/",33.15257167,130.44577484,"","","","",,,110
"40000","E0000140679","福岡県","独立行政法人国立病院機構　福岡東医療センター","どくりつぎょうせいほうじんこくりつびょういんきこうふくおかひがしいりょうせんたー","1013205001281","福岡県古賀市","千鳥１丁目１番１号","092-943-2331","092-943-8775","https://fukuokae.hosp.go.jp/","療養介護","独立行政法人国立病院機構　福岡東医療センター","どくりつぎょうせいほうじんこくりつびょういんきこうふくおかひがしいりょうせんたー","4010700146","福岡県古賀市","千鳥１丁目１番１号","092-943-2331","092-943-8775","http://www.fe-med.jp/",33.74019860,130.47572827,"","","","",,,120
"40000","E0000140521","福岡県","社会福祉法人　バプテスト心身障害児(者)を守る会","しゃかいふくしほうじんばぷてすとしんしんしょうがいじしゃをまもるかい","6290005001430","福岡県糟屋郡久山町","大字久原１８６９久山療育園重症児者医療療育センター","092-976-2281","092-976-2172","http://hisayama-smid.jp","療養介護","久山療育園重症児者医療療育センター","ひさやまりょういくえんじゅうしょうじしゃいりょうりょういくせんたー","4010400580","福岡県糟屋郡久山町","大字久原１８６９記載なし","092-976-2281","092-976-2172","http://hisayama-smid.jp",33.64293700,130.51292633,"","","","",,,89
"40000","E0000141239","福岡県","社会福祉法人　慈愛会","しゃかいふくしほうじんじあいかい","5290005010580","福岡県三井郡大刀洗町","山隈374番地の1","0942-77-1393","0942-77-1190","http://www.jiaikai-fuk.or.jp/","療養介護","医療福祉センター聖ヨゼフ園","いりょうふくしせんたーせいよぜふえん","4013200078","福岡県三井郡大刀洗町","大字山隈３７４−１","0942-77-1393","0942-77-1190","http://www.jiaikai-fuk.or.jp",33.40884880,130.61010530,"","","","",,,120
"40000","E0000141714","福岡県","社会福祉法人　方城福祉会","しゃかいふくしほうじんほうじょうふくしかい","3290805007464","福岡県田川郡福智町","弁城４１９３番地の１５","0947-22-5888","0947-22-5889","http://hojo-r.sakura.ne.jp/","療養介護","方城療育園いきがい","ほうじょうりょういくえんいきがい","4015301098","福岡県田川郡福智町","弁城４１９３番地１５","0947-22-5888","0947-22-5889","http://hojo-r.sakura.ne.jp/",33.69645693,130.77856447,"","","","",,,50
"41000","E0000147242","佐賀県","社会福祉法人佐賀整肢学園","しゃかいふくしほうじんさがせいしがくえん","9300005000205","佐賀県佐賀市","金立町金立２２１５番地２７佐賀整肢学園こども発達医療センター","0952-98-2211","0952-98-3391","http://www.saganet.ne.jp/saseishi/","療養介護","佐賀整肢学園こども発達医療センター・たんぽぽ園","こどもはったついりょうせんたーたんぽぽえん","4110100312","佐賀県佐賀市","金立町大字金立２２１５番地２７","0952-98-2211","0952-98-3391","http://www.saganet.ne.jp/saseishi/",33.31567730,130.29980050,"","","","",,,170
"41000","E0000147399","佐賀県","社会福祉法人佐賀整肢学園","しゃかいふくしほうじんさがせいしがくえん","9300005000205","佐賀県佐賀市","金立町金立２２１５番地２７佐賀整肢学園こども発達医療センター","0952-98-2211","0952-98-3391","http://www.saganet.ne.jp/saseishi/","療養介護","からつ医療福祉センター・アルトン","からついりょうふくしせんたーあるとん","4110200088","佐賀県唐津市","双水２８０６番地","0955-70-3580","0955-78-0683","https://skjim4.wixsite.com/karatu-center",33.39691360,129.98412420,"","","","",,,45
"44000","E0000055180","大分県","社会福祉法人　聖母の騎士会","しゃかいふくしほうじんせいぼのきしかい","3300005002743","佐賀県佐賀市","大和町大字久池井１５２１番２　","0952-62-8325","0952-62-1943","http://www.seibonokishikai.or.jp","療養介護","恵の聖母の家","めぐみのせいぼのいえ","4410600334","大分県臼杵市","野津町都原３６０１−２","0974-32-7770","0974-32-7771","http://www.meguminoseibo.jp",33.05812300,131.69280180,"","","","",,,74
"41000","E0000147560","佐賀県","社会福祉法人若楠","しゃかいふくしほうじんわかくす","1300005004758","佐賀県鳥栖市","弥生が丘二丁目１３４番地１　","0942-83-1121","0942-83-1755","https://www.wakakusu-swc.or.jp/","療養介護","若楠療育園","わかくすりょういくえん","4111100097","佐賀県鳥栖市","弥生が丘二丁目１３４番地１","0942-83-1121","0942-83-1755","http://www.wakakusu-swc.or.jp",33.40534980,130.52380560,"","","","",,,80
"41000","E0000147456","佐賀県","独立行政法人国立病院機構　肥前精神医療センター","どくりつぎょうせいほうじんこくりつびょういんきこうひぜんせいしんいりょうせんたー","1013205001281","佐賀県神埼郡吉野ヶ里町","三津１６０番地","0952-52-3231","0952-53-2864","http://www.hizen-hosp.jp","療養介護","独立行政法人国立病院機構　肥前精神医療センター","どくりつぎょうせいほうじんこくりつびょういんきこうひぜんせいしんいりょうせんたー","4110400019","佐賀県神埼郡吉野ヶ里町","三津１６０番地","0952-52-3231","0952-53-2864","http://www.hizen-hosp.jp",33.34260700,130.38605300,"","","","",,,96
"41000","E0000147471","佐賀県","独立行政法人国立病院機構　東佐賀病院","どくりつぎょうせいほうじんこくりつびょういんきこうひがしさがびょういん","1013205001281","佐賀県三養基郡みやき町","原古賀７３２４番地","0942-94-2048","0942-94-3137","http://www.higashisaga-hosp.jp","療養介護","独立行政法人国立病院機構　東佐賀病院","どくりつぎょうせいほうじんこくりつびょういんきこうひがしさがびょういん","4110560051","佐賀県三養基郡みやき町","原古賀７３２４番地","0942-94-2048","0942-94-3137","http://higashisaga-hosp.jp",33.33696390,130.44531810,"","","","",,,165
"42201","E0000049954","長崎市","独立行政法人　国立病院機構　長崎病院","どくりつぎょうせいほうじんこくりつびょういんきこうながさきびょういん","1013205001281","長崎県長崎市","桜木町６番４１号","095-823-2261","095-828-2616","http://www.nagasaki-hp.hosp.go.jp/","療養介護","独立行政法人国立病院機構長崎病院","どくりつぎょうせいほうじんこくりつびょういんきこうながさきびょういん","4210102242","長崎県長崎市","桜木町６−４１","095-823-2261","095-828-2616","http://www.nagasaki-hp.hosp.go.jp/",32.72832690,129.89061390,"","","","",,,100
"42000","E0000050275","長崎県","社会福祉法人　聖家族会","しゃかいふくしほうじんせいかぞくかい","3310005004391","長崎県諫早市","小長井町遠竹２７２７番地３厚生福祉研修会館　２階","0957-34-4520","0957-34-4521","http://www.misakae.or.jp/","療養介護","みさかえの園総合発達医療福祉センターむつみの家","みさかえのそのそうごうはったついりょうふくしせんたーむつみのいえ","4210400935","長崎県諫早市","小長井町牧５７０番地１","0957-34-3113","0957-34-3526","http://www.misakae.or.jp/mutsumi/",32.92414718,130.17082791,"","","","",,,170
"42000","E0000050278","長崎県","社会福祉法人　聖家族会","しゃかいふくしほうじんせいかぞくかい","3310005004391","長崎県諫早市","小長井町遠竹２７２７番地３厚生福祉研修会館　２階","0957-34-4520","0957-34-4521","http://www.misakae.or.jp/","療養介護","みさかえの園あゆみの家","みさかえのそのあゆみのいえ","4210400950","長崎県大村市","久原２丁目1346番地1","0957-27-3115","0957-46-3453","http://www.misakae.or.jp",32.89453477,129.97738135,"","","","",,,110
"42000","E0000050280","長崎県","社会福祉法人　幸生会","しゃかいふくしほうじんこうせいかい","7310005004405","長崎県諫早市","有喜町537番地2","0957-28-3131","0957-28-2037","http://www.koseikai.or.jp","療養介護","障害福祉サービス事業　療養介護　諫早療育センター","しょうがいふくしさーびすじぎょうりょうようかいごいさはやりょういくせんたー","4210400976","長崎県諫早市","有喜町537番地2","0957-28-3131","0957-28-2037","http://www.koseikai.or.jp/isahaya/",32.79338105,130.07746712,"","","","",,,160
"43000","E0000052642","熊本県","社会福祉法人水俣市社会福祉事業団","しゃかいふくしほうじんみなまたししゃかいふくしじぎょうだん","9330005006513","熊本県水俣市","浜松町５番９５号","0966-62-5717","0966-62-5725","http://www.minamata-sj-or.jp","療養介護","水俣市立明水園","みなまたしりつめいすいえん","4310700242","熊本県水俣市","浜４０７６番地","0966-63-1108","0966-62-2885","http://www.minamata-sj.or.jp/meisuien.html",32.22997250,130.40853590,"","","","",,,65
"43000","E0000052956","熊本県","社会福祉法人志友会","しゃかいふくしほうじんしゆうかい","8330005006464","熊本県葦北郡芦北町","大字芦北２８１３番地くまもと芦北療育医療センター","0966-82-2431","0966-82-2406","http://www.shiyu-kai.or.jp/index.html","療養介護","くまもと芦北療育医療センター","くまもとあしきたりょういくいりょうせんたー","4311900056","熊本県葦北郡芦北町","大字芦北２８１３番地くまもと芦北療育医療センター","0966-82-2431","0966-82-2406",,32.29728335,130.49681331,"","","","",,,200
"43100","E0000052172","熊本市","社会福祉法人　志友会","しゃかいふくしほうじんしゆうかい","8330005006464","熊本県葦北郡芦北町","芦北2813番地","0966-82-2431","0966-82-2406","http://www.ezuko.jp/","療養介護","くまもと江津湖療育医療センター","くまもとえづこりょういくいりょうせんたー","4310101706","熊本県熊本市東区","画図町大字重富575","096-370-0501","096-370-0503","http://www.ezuko.jp",32.75931251,130.72928542,"","","","",,,116
"43000","E0000052989","熊本県","社会福祉法人慈永会","しゃかいふくしほうじんじえいかい","1330005006743","熊本県天草郡苓北町","志岐1215番地","0969-35-2211","0969-35-2212","https://www.jieikai.com/","療養介護","はまゆう療育園","はまゆうりょういくえん","4312100052","熊本県天草郡苓北町","志岐1215","0969-35-1258","0969-35-2398","https://www.jieikai.com/",32.51341690,130.05471170,"","","","",,,170
"44000","E0000054728","大分県","社会福祉法人別府発達医療センター","しゃかいふくしほうじんべっぷはったついりょうせんたー","9320005002629","大分県別府市","大字鶴見４０７５番地の１　0","0977-22-4185","0977-26-4171","http://beppu-hattatsu.jp/","療養介護","別府整肢園","べっぷせいしえん","4410200036","大分県別府市","大字鶴見４０７５番地の１0","0977-22-4185","0977-26-4171","http://beppu-hattatsu.jp/",33.29563506,131.47762285,"","","","",,,20
"44000","E0000054774","大分県","社会福祉法人別府発達医療センター","しゃかいふくしほうじんべっぷはったついりょうせんたー","9320005002629","大分県別府市","大字鶴見４０７５番地の１　0","0977-22-4185","0977-26-4171","http://beppu-hattatsu.jp/","療養介護","めじろ園","めじろえん","4410200317","大分県別府市","大字鶴見４０７５番地の１0","0977-22-4185","0977-26-4171","http://beppu-hattatsu.jp/",33.29563506,131.47762285,"","","","",,,60
"44000","E0000054785","大分県","独立行政法人　国立病院機構西別府病院","どくりつぎょうせいほうじんこくりつびょういんきこうにしべっぷびょういん","1013205001281","大分県別府市","鶴見大字4548番地","0977-24-1221","0977-76-7231","http://www.nbnh.jp/","療養介護","独立行政法人国立病院機構　西別府病院","どくりつぎょうせいほうじんこくりつびょういんきこうにしべっぷびょういん","4410200416","大分県別府市","大字鶴見４５４８番地","0977-24-1221","0977-26-1163",,33.29313830,131.47600400,"","","","","","",
"44000","E0000054866","大分県","独立行政法人　国立病院機構西別府病院","どくりつぎょうせいほうじんこくりつびょういんきこうにしべっぷびょういん","1013205001281","大分県別府市","鶴見大字4548番地","0977-24-1221","0977-76-7231","http://www.nbnh.jp/","療養介護","独立行政法人国立病院機構　西別府病院　重心","どくりつぎょうせいほうじんこくりつびょういんきこうにしべっぷびょういんじゅうしん","4410200994","大分県別府市","大字鶴見４５４８番地","0977-24-1221","0977-76-7231",,33.29380490,131.47473180,"","","","","","",
"44000","A0000011863","大分県","社会福祉法人　直心会","しゃかいふくしほうじんちょくしんかい","2320005007790","大分県中津市","三光森山８２３番地２","0979-43-6181","0979-43-6182","http://www.chokusin.jp/","療養介護","すぎな園","すぎなえん","4410300398","大分県中津市","三光森山823の2番地","0979-43-6181",,,33.54766091,131.21852546,"","","","",,,40
"45201","E0000150053","宮崎市","独立行政法人国立病院機構宮崎東病院","どくりつぎょうせいほうじんこくりつびょういんきこうみやざきひがしびょういん","1013205001281","宮崎県宮崎市","宮崎市大字田吉４３７４番地１","0985-56-2311","0985-56-2257","http://www.mhigashi1.jp/","療養介護","独立行政法人国立病院機構宮崎東病院","どくりつぎょうせいほうじんこくりつびょういんきこうみやざきひがしびょういん","4510100383","宮崎県宮崎市","大字田吉４３７４番地１","0985-56-2311","0985-56-2257","http://www.mhigashi1.jp",31.86907167,131.44514857,"","","","",,,50
"45000","E0000148967","宮崎県","社会福祉法人愛泉会","しゃかいふくしほうじんあいせんかい","3350005004215","宮崎県日南市","北郷町大藤甲３１８６番地１","0987-23-3131","0987-23-8130","http://www.aisenkai-nichinan.jp/","療養介護","愛泉会日南病院","あいせんかいにちなんびょういん","4510400221","宮崎県日南市","大字風田３６４９番２","0987-23-3131","0987-23-8130","http://www.aisenkai-nichinan.jp/",31.60957373,131.42041624,"","","","",,,126
"45000","E0000149240","宮崎県","独立行政法人国立病院機構宮崎病院","どくりつぎょうせいほうじんこくりつびょういんきこうみやざきびょういん","1013205001281","宮崎県児湯郡川南町","大字川南１９４０３−４外来管理棟","0983-27-1036","0983-27-5033",,"療養介護","独立行政法人国立病院機構宮崎病院","どくりつぎょうせいほうじんこくりつびょういんきこうみやざきびょうい","4512050172","宮崎県児湯郡川南町","大字川南１９４０３−４","0983-27-1036","0983-27-5033",,32.20300010,131.52641770,"","","","",,,120
"46201","E0000056617","鹿児島市","社会福祉法人　向陽会","しゃかいふくしほうじんこうようかい","7340005001399","鹿児島県鹿児島市","皆与志町１７７９番地","099-238-4861","099-238-4861","http://www.kouyou.or.jp/","療養介護","療養介護事業所　やまびこ医療福祉センター","りょうようかいごじぎょうしょやまびこいりょうふくしせんたー","4610102826","鹿児島県鹿児島市","皆与志町１７７９番地","099-238-2755","099-238-5134","http://kouyou.or.jp",31.65578610,130.51643320,"","","","",,,190
"46000","E0000150953","鹿児島県","社会福祉法人たちばな会","しゃかいふくしほうじんたちばなかい","5340005002515","鹿児島県霧島市","福山町福山８３８番地","0995-55-2121","0995-54-7676","http://www.sien-info@sfc-tachibanakai.or.jp/","療養介護","社会福祉法人たちばな会医療福祉センターオレンジ学園","しゃかいふくしほうじんたちばなかいいりょうふくしせんたーおれんじがくえん","4611900624","鹿児島県霧島市","福山町福山８３８番地","0995-55-2121","0995-55-2151","http://www.sfc-tachibanakai.or.jp/",31.65522116,130.82430489,"","","","",,,196
"46000","E0000151038","鹿児島県","独立行政法人国立病院機構南九州病院","どくりつぎょうせいほうじんこくりつびょういんきこうみなみきゅうしゅうびょういん","01320500128  ","鹿児島県姶良市","加治木町木田１８８２　","0995-62-2121","0995-62-0566","https://minamikyusyu.hosp.go.jp/","療養介護","独立行政法人国立病院機構南九州病院","どくりつぎょうせいほうじんこくりつびょういんきこうみなみきゅうしゅうびょういん","4612800088","鹿児島県姶良市","木田１８８２　","0995-62-2121","0995-62-0566","http://www.skyusyu.jp/",31.73071908,130.64452314,"","","","",,,76
"46000","E0000151458","鹿児島県","独立行政法人国立病院機構南九州病院","どくりつぎょうせいほうじんこくりつびょういんきこうみなみきゅうしゅうびょういん","01320500128  ","鹿児島県姶良市","加治木町木田１８８２　","0995-62-2121","0995-62-0566","https://minamikyusyu.hosp.go.jp/","療養介護","独立行政法人国立病院機構南九州病院","どくりつぎょうせいほうじんこくりつびょういんきこうみなみきゅうしゅうびょういん","4614500116","鹿児島県姶良市","加治木町木田１８８２　","0995-62-2121","0995-62-0566","http://www.skyusyu.jp/",31.73050550,130.64465640,"","","","",,,107
"47000","E0000152811","沖縄県","社会福祉法人　沖縄県社会福祉事業団","しゃかいふくしほうじんおきなわけんしゃかいふくしじぎょうだん","8360005000299","沖縄県那覇市","首里石嶺町4-373-1沖縄県総合福祉センター西棟３階３１１","098-884-3173","098-882-5688","http://www.okinawa-j.jp","療養介護","沖縄療育園","おきなわりょういくえん","4710300049","沖縄県浦添市","経塚714","098-877-3478","098-877-6170","https://www.okinawa-j.jp/okinawa_ryouikuen",26.23697492,127.72542341,"","","","",,,100
"47000","E0000153115","沖縄県","社会福祉法人　沖縄肢体不自由児協会","しゃかいふくしほうじんおきなわしたいふじゆうじきょうかい","6360005000301","沖縄県那覇市","寄宮2丁目3番1号寄宮2丁目3番1号","0988325796","","http://www.okishikyo.jp/","療養介護","療養介護事業所　沖縄中部療育医療センター","りょうようかいごじぎょうしょおきなわちゅうぶりょういくいりょうせんたー","4710800113","沖縄県沖縄市","沖縄市医療A棟","098-932-6077","098-933-7991","http://www.okishikyo.jp/chubu/",26.33434052,127.80564391,"","","","","","",
"47201","E0000057222","那覇市","社会福祉法人　沖縄肢体不自由児協会","しゃかいふくしほうじんおきなわしたいふじゆうじきょうかい","6360005000301","沖縄県那覇市","寄宮２丁目３番１号","098-832-5796","098-835-1291","http://www.okishikyo.jp/","療養介護","療養介護事業所　沖縄南部療育医療センター","りょうようかいごじぎょうしょおきなわなんぶりょういくいりょうせんたー","4710100506","沖縄県那覇市","寄宮2丁目3番1号","098-832-3283","098-835-1291",,26.20758283,127.69586640,"","","","",,,140
